station_id,station_name,sensor,url,date,min,max,median,q1,q3,stdev,count
544786,"Caloocan Sports Complex, District 1, Philippines","Clarity/dmrbb2026","https://aqicn.org/station/@544786/",2025-06-19T00:00:00.000Z,3.02,41.76,16.16,7.79,27.79,11.684,11
544786,"Caloocan Sports Complex, District 1, Philippines","Clarity/dmrbb2026","https://aqicn.org/station/@544786/",2025-06-20T00:00:00.000Z,11.44,78.72,25.04,17.66,33.42,18.808,24
544786,"Caloocan Sports Complex, District 1, Philippines","Clarity/dmrbb2026","https://aqicn.org/station/@544786/",2025-06-21T00:00:00.000Z,9.64,37.44,26.42,20,29.09,7.08,24
544786,"Caloocan Sports Complex, District 1, Philippines","Clarity/dmrbb2026","https://aqicn.org/station/@544786/",2025-06-22T00:00:00.000Z,10.08,31.62,23.38,20.54,27.25,4.999,24
544786,"Caloocan Sports Complex, District 1, Philippines","Clarity/dmrbb2026","https://aqicn.org/station/@544786/",2025-06-23T00:00:00.000Z,7.92,40.04,30.09,21.12,35.44,8.81,16
544786,"Caloocan Sports Complex, District 1, Philippines","Clarity/dmrbb2026","https://aqicn.org/station/@544786/",2025-06-28T00:00:00.000Z,8.98,27.64,23.85,12.3,25.11,6.422,19
544786,"Caloocan Sports Complex, District 1, Philippines","Clarity/dmrbb2026","https://aqicn.org/station/@544786/",2025-06-29T00:00:00.000Z,11.31,35.79,21.94,18.29,24.89,5.626,24
544786,"Caloocan Sports Complex, District 1, Philippines","Clarity/dmrbb2026","https://aqicn.org/station/@544786/",2025-06-30T00:00:00.000Z,13.62,31.88,19.52,15.15,22.65,5.077,24
544786,"Caloocan Sports Complex, District 1, Philippines","Clarity/dmrbb2026","https://aqicn.org/station/@544786/",2025-07-01T00:00:00.000Z,11.18,25.22,19.11,16.27,20.32,3.812,24
544786,"Caloocan Sports Complex, District 1, Philippines","Clarity/dmrbb2026","https://aqicn.org/station/@544786/",2025-07-02T00:00:00.000Z,5.6,19.57,13.8,9.77,16.3,3.945,24
544786,"Caloocan Sports Complex, District 1, Philippines","Clarity/dmrbb2026","https://aqicn.org/station/@544786/",2025-07-03T00:00:00.000Z,6.58,23.71,14.39,10.19,19.62,5.309,24
544786,"Caloocan Sports Complex, District 1, Philippines","Clarity/dmrbb2026","https://aqicn.org/station/@544786/",2025-07-04T00:00:00.000Z,4.01,30.17,17.53,11.02,21.15,7.213,24
544786,"Caloocan Sports Complex, District 1, Philippines","Clarity/dmrbb2026","https://aqicn.org/station/@544786/",2025-07-05T00:00:00.000Z,9.99,32.9,18.37,15.63,23.62,6.272,24
544786,"Caloocan Sports Complex, District 1, Philippines","Clarity/dmrbb2026","https://aqicn.org/station/@544786/",2025-07-06T00:00:00.000Z,5.58,19.2,10.16,7.8,12.99,3.614,24
544786,"Caloocan Sports Complex, District 1, Philippines","Clarity/dmrbb2026","https://aqicn.org/station/@544786/",2025-07-07T00:00:00.000Z,7.09,21.16,14.61,9.84,17.18,4.227,24
544786,"Caloocan Sports Complex, District 1, Philippines","Clarity/dmrbb2026","https://aqicn.org/station/@544786/",2025-07-08T00:00:00.000Z,7.31,23.09,12.43,10.18,17.42,4.651,24
544786,"Caloocan Sports Complex, District 1, Philippines","Clarity/dmrbb2026","https://aqicn.org/station/@544786/",2025-07-09T00:00:00.000Z,8.47,26.17,16.66,13.35,19.2,4.152,24
544786,"Caloocan Sports Complex, District 1, Philippines","Clarity/dmrbb2026","https://aqicn.org/station/@544786/",2025-07-10T00:00:00.000Z,6.4,21.78,10.89,7.63,14.17,4.323,24
544786,"Caloocan Sports Complex, District 1, Philippines","Clarity/dmrbb2026","https://aqicn.org/station/@544786/",2025-07-11T00:00:00.000Z,7.34,24.31,16.43,10.61,19.39,5.072,24
544786,"Caloocan Sports Complex, District 1, Philippines","Clarity/dmrbb2026","https://aqicn.org/station/@544786/",2025-07-12T00:00:00.000Z,7.24,25.93,16.13,9.91,18.82,5.065,24
544786,"Caloocan Sports Complex, District 1, Philippines","Clarity/dmrbb2026","https://aqicn.org/station/@544786/",2025-07-13T00:00:00.000Z,10.83,23.94,15.77,14.27,19.86,3.629,24
544786,"Caloocan Sports Complex, District 1, Philippines","Clarity/dmrbb2026","https://aqicn.org/station/@544786/",2025-07-14T00:00:00.000Z,6.98,27.7,12.82,9.61,19.34,5.855,24
544786,"Caloocan Sports Complex, District 1, Philippines","Clarity/dmrbb2026","https://aqicn.org/station/@544786/",2025-07-15T00:00:00.000Z,4.79,18.12,8.47,7.71,13.25,3.679,24
544786,"Caloocan Sports Complex, District 1, Philippines","Clarity/dmrbb2026","https://aqicn.org/station/@544786/",2025-07-16T00:00:00.000Z,9.77,26.3,17.16,13.59,18.94,4.255,24
544786,"Caloocan Sports Complex, District 1, Philippines","Clarity/dmrbb2026","https://aqicn.org/station/@544786/",2025-07-17T00:00:00.000Z,21.38,38.57,24.64,22.53,29.19,5.345,24
544786,"Caloocan Sports Complex, District 1, Philippines","Clarity/dmrbb2026","https://aqicn.org/station/@544786/",2025-07-18T00:00:00.000Z,9.68,36.63,15.02,12.87,17.77,7.384,24
544786,"Caloocan Sports Complex, District 1, Philippines","Clarity/dmrbb2026","https://aqicn.org/station/@544786/",2025-07-19T00:00:00.000Z,7.55,21.43,14.31,11.33,18.84,4.421,24
544786,"Caloocan Sports Complex, District 1, Philippines","Clarity/dmrbb2026","https://aqicn.org/station/@544786/",2025-07-20T00:00:00.000Z,8.19,25.15,17.76,13.37,21.36,4.847,24
544786,"Caloocan Sports Complex, District 1, Philippines","Clarity/dmrbb2026","https://aqicn.org/station/@544786/",2025-07-21T00:00:00.000Z,12.95,21.7,17.37,16.13,19.57,2.216,24
544786,"Caloocan Sports Complex, District 1, Philippines","Clarity/dmrbb2026","https://aqicn.org/station/@544786/",2025-07-22T00:00:00.000Z,9.73,25.41,16.11,14.51,18.96,4.07,24
544786,"Caloocan Sports Complex, District 1, Philippines","Clarity/dmrbb2026","https://aqicn.org/station/@544786/",2025-07-23T00:00:00.000Z,5.67,25.43,14.95,12.32,19.11,5.571,24
544786,"Caloocan Sports Complex, District 1, Philippines","Clarity/dmrbb2026","https://aqicn.org/station/@544786/",2025-07-24T00:00:00.000Z,0.09,18.32,8.75,1.5,12.39,6.323,24
544786,"Caloocan Sports Complex, District 1, Philippines","Clarity/dmrbb2026","https://aqicn.org/station/@544786/",2025-07-25T00:00:00.000Z,4.76,18.94,8.14,6.58,10.76,3.606,24
544786,"Caloocan Sports Complex, District 1, Philippines","Clarity/dmrbb2026","https://aqicn.org/station/@544786/",2025-07-26T00:00:00.000Z,5.59,29.46,23.04,9.53,24.94,8.048,24
544786,"Caloocan Sports Complex, District 1, Philippines","Clarity/dmrbb2026","https://aqicn.org/station/@544786/",2025-07-27T00:00:00.000Z,9.14,22.59,17.54,12.33,20.01,4.136,24
544786,"Caloocan Sports Complex, District 1, Philippines","Clarity/dmrbb2026","https://aqicn.org/station/@544786/",2025-07-28T00:00:00.000Z,19.41,21.49,20.38,20.16,20.66,0.463,24
544786,"Caloocan Sports Complex, District 1, Philippines","Clarity/dmrbb2026","https://aqicn.org/station/@544786/",2025-07-29T00:00:00.000Z,19.64,21.53,20.89,20.66,21.19,0.474,24
544786,"Caloocan Sports Complex, District 1, Philippines","Clarity/dmrbb2026","https://aqicn.org/station/@544786/",2025-07-30T00:00:00.000Z,16.28,27.4,20.05,18.47,21.45,2.695,24
544786,"Caloocan Sports Complex, District 1, Philippines","Clarity/dmrbb2026","https://aqicn.org/station/@544786/",2025-07-31T00:00:00.000Z,16.17,20.14,18.87,18.03,19.39,0.926,24
544786,"Caloocan Sports Complex, District 1, Philippines","Clarity/dmrbb2026","https://aqicn.org/station/@544786/",2025-08-01T00:00:00.000Z,17.6,27.68,20.22,18.55,21.13,2.148,24
544786,"Caloocan Sports Complex, District 1, Philippines","Clarity/dmrbb2026","https://aqicn.org/station/@544786/",2025-08-02T00:00:00.000Z,15.81,51.31,20.92,19.35,35.15,11.282,24
544786,"Caloocan Sports Complex, District 1, Philippines","Clarity/dmrbb2026","https://aqicn.org/station/@544786/",2025-08-03T00:00:00.000Z,18.16,48.44,28.17,21.96,38.9,9.503,24
544786,"Caloocan Sports Complex, District 1, Philippines","Clarity/dmrbb2026","https://aqicn.org/station/@544786/",2025-08-04T00:00:00.000Z,15.91,39.84,24.86,21.3,29.24,6.42,24
544786,"Caloocan Sports Complex, District 1, Philippines","Clarity/dmrbb2026","https://aqicn.org/station/@544786/",2025-08-05T00:00:00.000Z,22.44,40.09,28.45,24.43,32.21,5.336,24
544786,"Caloocan Sports Complex, District 1, Philippines","Clarity/dmrbb2026","https://aqicn.org/station/@544786/",2025-08-06T00:00:00.000Z,5.72,28.38,19.76,11.41,21.64,6.605,24
544786,"Caloocan Sports Complex, District 1, Philippines","Clarity/dmrbb2026","https://aqicn.org/station/@544786/",2025-08-07T00:00:00.000Z,7.87,25.71,15.99,12.2,20.98,5.392,24
544786,"Caloocan Sports Complex, District 1, Philippines","Clarity/dmrbb2026","https://aqicn.org/station/@544786/",2025-08-08T00:00:00.000Z,9.73,22.82,14.59,13.15,16.61,3.422,24
544786,"Caloocan Sports Complex, District 1, Philippines","Clarity/dmrbb2026","https://aqicn.org/station/@544786/",2025-08-09T00:00:00.000Z,10.81,27.82,22.03,18.6,23.5,4.524,24
544786,"Caloocan Sports Complex, District 1, Philippines","Clarity/dmrbb2026","https://aqicn.org/station/@544786/",2025-08-10T00:00:00.000Z,13.46,25.6,21.67,16.48,24.23,3.97,24
544786,"Caloocan Sports Complex, District 1, Philippines","Clarity/dmrbb2026","https://aqicn.org/station/@544786/",2025-08-11T00:00:00.000Z,18.07,52.15,22.84,19.72,26.57,8.52,24
544786,"Caloocan Sports Complex, District 1, Philippines","Clarity/dmrbb2026","https://aqicn.org/station/@544786/",2025-08-12T00:00:00.000Z,17.42,51.11,23.74,21.19,26.39,8.613,24
544786,"Caloocan Sports Complex, District 1, Philippines","Clarity/dmrbb2026","https://aqicn.org/station/@544786/",2025-08-13T00:00:00.000Z,12.86,29.13,19.88,18.7,24.69,4.051,24
544786,"Caloocan Sports Complex, District 1, Philippines","Clarity/dmrbb2026","https://aqicn.org/station/@544786/",2025-08-14T00:00:00.000Z,23.6,60.46,30.25,25.13,39.4,10.407,24
544786,"Caloocan Sports Complex, District 1, Philippines","Clarity/dmrbb2026","https://aqicn.org/station/@544786/",2025-08-15T00:00:00.000Z,8.88,27.97,15.12,10.79,20.91,5.92,24
544786,"Caloocan Sports Complex, District 1, Philippines","Clarity/dmrbb2026","https://aqicn.org/station/@544786/",2025-08-16T00:00:00.000Z,8.25,38.79,27.39,17.19,31.41,9.59,24
544786,"Caloocan Sports Complex, District 1, Philippines","Clarity/dmrbb2026","https://aqicn.org/station/@544786/",2025-08-17T00:00:00.000Z,7.87,24.61,16.02,10.49,19.32,5.212,24
544786,"Caloocan Sports Complex, District 1, Philippines","Clarity/dmrbb2026","https://aqicn.org/station/@544786/",2025-08-18T00:00:00.000Z,11.32,44.53,23.98,20.36,31.57,9.057,24
544786,"Caloocan Sports Complex, District 1, Philippines","Clarity/dmrbb2026","https://aqicn.org/station/@544786/",2025-08-19T00:00:00.000Z,1.77,29.86,13.26,6.56,17.22,7.725,24
544786,"Caloocan Sports Complex, District 1, Philippines","Clarity/dmrbb2026","https://aqicn.org/station/@544786/",2025-08-20T00:00:00.000Z,1.45,25.41,12.11,7.47,15.84,6.363,24
544786,"Caloocan Sports Complex, District 1, Philippines","Clarity/dmrbb2026","https://aqicn.org/station/@544786/",2025-08-21T00:00:00.000Z,8.44,38.13,17.44,13.91,21.12,6.603,24
544786,"Caloocan Sports Complex, District 1, Philippines","Clarity/dmrbb2026","https://aqicn.org/station/@544786/",2025-08-22T00:00:00.000Z,2.6,29.66,6.92,4.67,10.5,7.714,24
544786,"Caloocan Sports Complex, District 1, Philippines","Clarity/dmrbb2026","https://aqicn.org/station/@544786/",2025-08-23T00:00:00.000Z,7.08,25.75,17.2,13.38,22.33,5.16,24
544786,"Caloocan Sports Complex, District 1, Philippines","Clarity/dmrbb2026","https://aqicn.org/station/@544786/",2025-08-24T00:00:00.000Z,13,47.89,24.81,19.96,31.44,9.512,24
544786,"Caloocan Sports Complex, District 1, Philippines","Clarity/dmrbb2026","https://aqicn.org/station/@544786/",2025-08-25T00:00:00.000Z,1.35,23.63,9.4,4.78,17.2,6.938,24
544786,"Caloocan Sports Complex, District 1, Philippines","Clarity/dmrbb2026","https://aqicn.org/station/@544786/",2025-08-26T00:00:00.000Z,8.52,42.01,17.36,15.46,21.87,7.599,24
544786,"Caloocan Sports Complex, District 1, Philippines","Clarity/dmrbb2026","https://aqicn.org/station/@544786/",2025-08-27T00:00:00.000Z,7.81,30.78,20.57,13.86,23.45,6.53,24
544786,"Caloocan Sports Complex, District 1, Philippines","Clarity/dmrbb2026","https://aqicn.org/station/@544786/",2025-08-28T00:00:00.000Z,9.46,26.39,14.42,12.35,20.44,4.861,24
544786,"Caloocan Sports Complex, District 1, Philippines","Clarity/dmrbb2026","https://aqicn.org/station/@544786/",2025-08-29T00:00:00.000Z,16.3,54.81,32.27,24.46,44.86,11.302,24
544786,"Caloocan Sports Complex, District 1, Philippines","Clarity/dmrbb2026","https://aqicn.org/station/@544786/",2025-08-30T00:00:00.000Z,24.79,39.47,27.29,26.16,30.24,3.449,24
544786,"Caloocan Sports Complex, District 1, Philippines","Clarity/dmrbb2026","https://aqicn.org/station/@544786/",2025-08-31T00:00:00.000Z,5.38,31.41,26.17,23.82,28.31,7.212,24
544786,"Caloocan Sports Complex, District 1, Philippines","Clarity/dmrbb2026","https://aqicn.org/station/@544786/",2025-09-01T00:00:00.000Z,13.81,51.9,23.3,19.48,27.4,8.804,24
544786,"Caloocan Sports Complex, District 1, Philippines","Clarity/dmrbb2026","https://aqicn.org/station/@544786/",2025-09-02T00:00:00.000Z,3.69,24.99,13.05,8.44,16.92,5.749,24
544786,"Caloocan Sports Complex, District 1, Philippines","Clarity/dmrbb2026","https://aqicn.org/station/@544786/",2025-09-03T00:00:00.000Z,2.29,26.47,11.44,4.74,15.75,7.098,24
544786,"Caloocan Sports Complex, District 1, Philippines","Clarity/dmrbb2026","https://aqicn.org/station/@544786/",2025-09-04T00:00:00.000Z,2.39,23.27,6.52,3.92,8.65,4.348,24
544786,"Caloocan Sports Complex, District 1, Philippines","Clarity/dmrbb2026","https://aqicn.org/station/@544786/",2025-09-05T00:00:00.000Z,4.63,21.28,12.43,6.9,16.88,5.173,24
544786,"Caloocan Sports Complex, District 1, Philippines","Clarity/dmrbb2026","https://aqicn.org/station/@544786/",2025-09-06T00:00:00.000Z,6.23,29.29,17.61,14.08,20.94,5.749,24
544786,"Caloocan Sports Complex, District 1, Philippines","Clarity/dmrbb2026","https://aqicn.org/station/@544786/",2025-09-07T00:00:00.000Z,11.61,31.61,18.68,14.43,21.47,4.839,24
544786,"Caloocan Sports Complex, District 1, Philippines","Clarity/dmrbb2026","https://aqicn.org/station/@544786/",2025-09-08T00:00:00.000Z,9.9,41.04,18.09,16.23,20.86,8.109,24
544786,"Caloocan Sports Complex, District 1, Philippines","Clarity/dmrbb2026","https://aqicn.org/station/@544786/",2025-09-09T00:00:00.000Z,3.32,20.81,9,5.66,11.01,4.329,24
544786,"Caloocan Sports Complex, District 1, Philippines","Clarity/dmrbb2026","https://aqicn.org/station/@544786/",2025-09-10T00:00:00.000Z,4.46,26.52,16.78,12.68,23.38,6.498,24
544786,"Caloocan Sports Complex, District 1, Philippines","Clarity/dmrbb2026","https://aqicn.org/station/@544786/",2025-09-11T00:00:00.000Z,11.69,98.69,26.9,19.57,54.07,25.572,24
544786,"Caloocan Sports Complex, District 1, Philippines","Clarity/dmrbb2026","https://aqicn.org/station/@544786/",2025-09-12T00:00:00.000Z,8.03,38.82,20.18,16.09,25.81,7.336,24
544786,"Caloocan Sports Complex, District 1, Philippines","Clarity/dmrbb2026","https://aqicn.org/station/@544786/",2025-09-13T00:00:00.000Z,0.71,26.08,14.81,5.33,21.81,8.564,24
544786,"Caloocan Sports Complex, District 1, Philippines","Clarity/dmrbb2026","https://aqicn.org/station/@544786/",2025-09-14T00:00:00.000Z,5.68,48.8,24.09,17.02,33,12.3,24
544786,"Caloocan Sports Complex, District 1, Philippines","Clarity/dmrbb2026","https://aqicn.org/station/@544786/",2025-09-15T00:00:00.000Z,1.82,34.06,17.05,9.1,25.62,9.491,24
544786,"Caloocan Sports Complex, District 1, Philippines","Clarity/dmrbb2026","https://aqicn.org/station/@544786/",2025-09-16T00:00:00.000Z,9.38,49.11,26.46,19.98,30.73,9.373,24
544786,"Caloocan Sports Complex, District 1, Philippines","Clarity/dmrbb2026","https://aqicn.org/station/@544786/",2025-09-17T00:00:00.000Z,22.74,35.21,27.77,25.81,31.17,3.546,24
544786,"Caloocan Sports Complex, District 1, Philippines","Clarity/dmrbb2026","https://aqicn.org/station/@544786/",2025-09-18T00:00:00.000Z,14.77,29.27,21.86,19.98,23.34,3.704,24
544786,"Caloocan Sports Complex, District 1, Philippines","Clarity/dmrbb2026","https://aqicn.org/station/@544786/",2025-09-19T00:00:00.000Z,12.74,42.13,21.27,15.09,24.06,7.517,24
544786,"Caloocan Sports Complex, District 1, Philippines","Clarity/dmrbb2026","https://aqicn.org/station/@544786/",2025-09-20T00:00:00.000Z,4.23,35.56,12.97,7.32,18.7,7.436,24
544786,"Caloocan Sports Complex, District 1, Philippines","Clarity/dmrbb2026","https://aqicn.org/station/@544786/",2025-09-21T00:00:00.000Z,1.34,14.02,4.38,2.92,7.1,3.166,24
544786,"Caloocan Sports Complex, District 1, Philippines","Clarity/dmrbb2026","https://aqicn.org/station/@544786/",2025-09-22T00:00:00.000Z,0.38,11.98,3.27,1.83,5.88,2.76,24
544786,"Caloocan Sports Complex, District 1, Philippines","Clarity/dmrbb2026","https://aqicn.org/station/@544786/",2025-09-23T00:00:00.000Z,5.16,15.88,7.03,6.18,8.41,2.627,24
544786,"Caloocan Sports Complex, District 1, Philippines","Clarity/dmrbb2026","https://aqicn.org/station/@544786/",2025-09-24T00:00:00.000Z,10.7,34.4,21.77,14.32,25.78,6.696,24
544786,"Caloocan Sports Complex, District 1, Philippines","Clarity/dmrbb2026","https://aqicn.org/station/@544786/",2025-09-25T00:00:00.000Z,12.89,46.59,26.49,20.67,40.76,10.813,24
544786,"Caloocan Sports Complex, District 1, Philippines","Clarity/dmrbb2026","https://aqicn.org/station/@544786/",2025-09-26T00:00:00.000Z,0.02,30.08,2.9,0.26,19.1,10.084,24
544786,"Caloocan Sports Complex, District 1, Philippines","Clarity/dmrbb2026","https://aqicn.org/station/@544786/",2025-09-27T00:00:00.000Z,8.34,70.73,26.78,13.6,34.76,16.789,24
544786,"Caloocan Sports Complex, District 1, Philippines","Clarity/dmrbb2026","https://aqicn.org/station/@544786/",2025-09-28T00:00:00.000Z,8.44,47.9,20.35,11.71,30.51,11.859,24
544786,"Caloocan Sports Complex, District 1, Philippines","Clarity/dmrbb2026","https://aqicn.org/station/@544786/",2025-09-29T00:00:00.000Z,4.88,74.7,30.38,14.39,56.19,23.23,24
544786,"Caloocan Sports Complex, District 1, Philippines","Clarity/dmrbb2026","https://aqicn.org/station/@544786/",2025-09-30T00:00:00.000Z,5.53,55.19,17.27,10.89,31.02,14.256,24
544786,"Caloocan Sports Complex, District 1, Philippines","Clarity/dmrbb2026","https://aqicn.org/station/@544786/",2025-10-01T00:00:00.000Z,18.48,51.56,22.18,19.23,28.67,8.627,24
544786,"Caloocan Sports Complex, District 1, Philippines","Clarity/dmrbb2026","https://aqicn.org/station/@544786/",2025-10-02T00:00:00.000Z,13.64,30.89,21.14,17.59,24.33,4.317,24
544786,"Caloocan Sports Complex, District 1, Philippines","Clarity/dmrbb2026","https://aqicn.org/station/@544786/",2025-10-03T00:00:00.000Z,6.58,31.03,19.64,15.08,25.56,7.052,24
544786,"Caloocan Sports Complex, District 1, Philippines","Clarity/dmrbb2026","https://aqicn.org/station/@544786/",2025-10-04T00:00:00.000Z,13.3,28.32,23.13,18.8,26.31,4.77,24
544786,"Caloocan Sports Complex, District 1, Philippines","Clarity/dmrbb2026","https://aqicn.org/station/@544786/",2025-10-05T00:00:00.000Z,17.55,66.4,24.45,20.2,27.37,13.314,24
544786,"Caloocan Sports Complex, District 1, Philippines","Clarity/dmrbb2026","https://aqicn.org/station/@544786/",2025-10-06T00:00:00.000Z,7.42,50.99,23.27,18.71,30.96,11.265,24
544786,"Caloocan Sports Complex, District 1, Philippines","Clarity/dmrbb2026","https://aqicn.org/station/@544786/",2025-10-07T00:00:00.000Z,11.61,40.09,15.67,12.71,22.29,7.335,24
544786,"Caloocan Sports Complex, District 1, Philippines","Clarity/dmrbb2026","https://aqicn.org/station/@544786/",2025-10-08T00:00:00.000Z,12.19,50.14,22.41,16.02,31.67,11.389,24
544786,"Caloocan Sports Complex, District 1, Philippines","Clarity/dmrbb2026","https://aqicn.org/station/@544786/",2025-10-09T00:00:00.000Z,10.48,31.1,16.51,14.86,20.6,4.541,24
544786,"Caloocan Sports Complex, District 1, Philippines","Clarity/dmrbb2026","https://aqicn.org/station/@544786/",2025-10-10T00:00:00.000Z,27.82,51,36.79,33.26,41.82,6.129,24
544786,"Caloocan Sports Complex, District 1, Philippines","Clarity/dmrbb2026","https://aqicn.org/station/@544786/",2025-10-11T00:00:00.000Z,19.34,88.79,38.2,34.1,52.58,17.387,24
544786,"Caloocan Sports Complex, District 1, Philippines","Clarity/dmrbb2026","https://aqicn.org/station/@544786/",2025-10-12T00:00:00.000Z,12.01,44.77,20.84,16.38,30.01,9.098,24
544786,"Caloocan Sports Complex, District 1, Philippines","Clarity/dmrbb2026","https://aqicn.org/station/@544786/",2025-10-13T00:00:00.000Z,2.02,21.58,7.84,4.3,11.15,4.787,24
544786,"Caloocan Sports Complex, District 1, Philippines","Clarity/dmrbb2026","https://aqicn.org/station/@544786/",2025-10-14T00:00:00.000Z,7.97,80.29,17.64,11.84,39.31,22.454,24
544786,"Caloocan Sports Complex, District 1, Philippines","Clarity/dmrbb2026","https://aqicn.org/station/@544786/",2025-10-15T00:00:00.000Z,2.94,36.65,13.97,8.74,18.27,8.061,24
544786,"Caloocan Sports Complex, District 1, Philippines","Clarity/dmrbb2026","https://aqicn.org/station/@544786/",2025-10-16T00:00:00.000Z,2.29,22.45,6.52,3.75,12.63,5.515,24
544786,"Caloocan Sports Complex, District 1, Philippines","Clarity/dmrbb2026","https://aqicn.org/station/@544786/",2025-10-17T00:00:00.000Z,1.66,20.93,7.21,3,12.87,5.678,24
544786,"Caloocan Sports Complex, District 1, Philippines","Clarity/dmrbb2026","https://aqicn.org/station/@544786/",2025-10-18T00:00:00.000Z,0.59,11.06,3,1.34,4.26,2.497,24
544786,"Caloocan Sports Complex, District 1, Philippines","Clarity/dmrbb2026","https://aqicn.org/station/@544786/",2025-10-19T00:00:00.000Z,3.89,19.48,7.37,5.14,17.26,5.823,24
544786,"Caloocan Sports Complex, District 1, Philippines","Clarity/dmrbb2026","https://aqicn.org/station/@544786/",2025-10-20T00:00:00.000Z,8.02,43.1,16.73,12.96,27.79,9.791,24
544786,"Caloocan Sports Complex, District 1, Philippines","Clarity/dmrbb2026","https://aqicn.org/station/@544786/",2025-10-21T00:00:00.000Z,4.38,34.06,17.07,10.09,25.48,8.613,24
544786,"Caloocan Sports Complex, District 1, Philippines","Clarity/dmrbb2026","https://aqicn.org/station/@544786/",2025-10-22T00:00:00.000Z,9.41,83.85,20.17,15.48,28.52,17.59,24
544786,"Caloocan Sports Complex, District 1, Philippines","Clarity/dmrbb2026","https://aqicn.org/station/@544786/",2025-10-23T00:00:00.000Z,3.48,29.13,15.47,8.59,24.1,8.303,24
544786,"Caloocan Sports Complex, District 1, Philippines","Clarity/dmrbb2026","https://aqicn.org/station/@544786/",2025-10-24T00:00:00.000Z,4.43,75.51,10.88,8.34,25.26,18.103,24
544786,"Caloocan Sports Complex, District 1, Philippines","Clarity/dmrbb2026","https://aqicn.org/station/@544786/",2025-10-25T00:00:00.000Z,14.79,39.47,25.66,22.13,29.1,5.466,24
544786,"Caloocan Sports Complex, District 1, Philippines","Clarity/dmrbb2026","https://aqicn.org/station/@544786/",2025-10-26T00:00:00.000Z,4.23,21.36,13.07,7.68,17.77,5.441,24
544786,"Caloocan Sports Complex, District 1, Philippines","Clarity/dmrbb2026","https://aqicn.org/station/@544786/",2025-10-27T00:00:00.000Z,0.94,59.79,16.82,4.33,31.43,17.767,24
544786,"Caloocan Sports Complex, District 1, Philippines","Clarity/dmrbb2026","https://aqicn.org/station/@544786/",2025-10-28T00:00:00.000Z,9.26,40.64,19.6,13.98,23.1,7.407,24
544786,"Caloocan Sports Complex, District 1, Philippines","Clarity/dmrbb2026","https://aqicn.org/station/@544786/",2025-10-29T00:00:00.000Z,4.83,39,19.86,12.67,26.03,9.31,24
544786,"Caloocan Sports Complex, District 1, Philippines","Clarity/dmrbb2026","https://aqicn.org/station/@544786/",2025-10-30T00:00:00.000Z,3.71,26.97,11.12,6.74,18.97,6.834,24
544786,"Caloocan Sports Complex, District 1, Philippines","Clarity/dmrbb2026","https://aqicn.org/station/@544786/",2025-10-31T00:00:00.000Z,8.96,37.86,21.62,16.79,30.9,8.109,24
544786,"Caloocan Sports Complex, District 1, Philippines","Clarity/dmrbb2026","https://aqicn.org/station/@544786/",2025-11-01T00:00:00.000Z,5.96,26.79,16.82,12.71,22.56,5.784,24
544786,"Caloocan Sports Complex, District 1, Philippines","Clarity/dmrbb2026","https://aqicn.org/station/@544786/",2025-11-02T00:00:00.000Z,1.4,15.12,5,3.34,8.19,3.343,24
544786,"Caloocan Sports Complex, District 1, Philippines","Clarity/dmrbb2026","https://aqicn.org/station/@544786/",2025-11-03T00:00:00.000Z,6.56,32.35,15.82,10.84,20.49,6.471,24
544786,"Caloocan Sports Complex, District 1, Philippines","Clarity/dmrbb2026","https://aqicn.org/station/@544786/",2025-11-04T00:00:00.000Z,10.21,33.67,15.97,14.27,25.06,7.23,24
544786,"Caloocan Sports Complex, District 1, Philippines","Clarity/dmrbb2026","https://aqicn.org/station/@544786/",2025-11-05T00:00:00.000Z,2.98,17.41,10.18,6.28,12.82,4.147,24
544786,"Caloocan Sports Complex, District 1, Philippines","Clarity/dmrbb2026","https://aqicn.org/station/@544786/",2025-11-06T00:00:00.000Z,7.32,46.99,17.36,12.15,23.87,10.401,24
544786,"Caloocan Sports Complex, District 1, Philippines","Clarity/dmrbb2026","https://aqicn.org/station/@544786/",2025-11-07T00:00:00.000Z,6.9,37.28,20.73,16.57,24.75,7.624,24
544786,"Caloocan Sports Complex, District 1, Philippines","Clarity/dmrbb2026","https://aqicn.org/station/@544786/",2025-11-08T00:00:00.000Z,12.04,28.13,16.32,13.5,20.07,4.568,24
544786,"Caloocan Sports Complex, District 1, Philippines","Clarity/dmrbb2026","https://aqicn.org/station/@544786/",2025-11-09T00:00:00.000Z,0.02,28.43,3.36,0.65,14.25,9.615,24
544786,"Caloocan Sports Complex, District 1, Philippines","Clarity/dmrbb2026","https://aqicn.org/station/@544786/",2025-11-10T00:00:00.000Z,2,11.04,7.1,3.61,10.28,3.183,24
544786,"Caloocan Sports Complex, District 1, Philippines","Clarity/dmrbb2026","https://aqicn.org/station/@544786/",2025-11-11T00:00:00.000Z,5.37,25.57,16.51,8.24,17.66,5.56,24
544786,"Caloocan Sports Complex, District 1, Philippines","Clarity/dmrbb2026","https://aqicn.org/station/@544786/",2025-11-12T00:00:00.000Z,11.07,43.77,26.9,15.72,30.07,9.651,24
544786,"Caloocan Sports Complex, District 1, Philippines","Clarity/dmrbb2026","https://aqicn.org/station/@544786/",2025-11-13T00:00:00.000Z,16.95,29.18,19.91,19.1,22.65,3.638,24
544786,"Caloocan Sports Complex, District 1, Philippines","Clarity/dmrbb2026","https://aqicn.org/station/@544786/",2025-11-14T00:00:00.000Z,5.53,32.01,19.85,14.08,24.68,7.066,24
544786,"Caloocan Sports Complex, District 1, Philippines","Clarity/dmrbb2026","https://aqicn.org/station/@544786/",2025-11-15T00:00:00.000Z,3.17,28.64,10.35,6.68,16.45,6.994,24
544786,"Caloocan Sports Complex, District 1, Philippines","Clarity/dmrbb2026","https://aqicn.org/station/@544786/",2025-11-16T00:00:00.000Z,3.02,20.22,6.69,3.87,11.18,5.249,24
544786,"Caloocan Sports Complex, District 1, Philippines","Clarity/dmrbb2026","https://aqicn.org/station/@544786/",2025-11-17T00:00:00.000Z,0.13,10.49,4.91,1.66,7.09,3.178,24
544786,"Caloocan Sports Complex, District 1, Philippines","Clarity/dmrbb2026","https://aqicn.org/station/@544786/",2025-11-18T00:00:00.000Z,1.13,23.12,4.55,2.15,8.5,6.209,24
544786,"Caloocan Sports Complex, District 1, Philippines","Clarity/dmrbb2026","https://aqicn.org/station/@544786/",2025-11-19T00:00:00.000Z,0.3,12.78,2.72,1.38,6.7,3.937,24
544786,"Caloocan Sports Complex, District 1, Philippines","Clarity/dmrbb2026","https://aqicn.org/station/@544786/",2025-11-20T00:00:00.000Z,0.38,11.42,4.38,2.21,5.32,2.735,24
544786,"Caloocan Sports Complex, District 1, Philippines","Clarity/dmrbb2026","https://aqicn.org/station/@544786/",2025-11-21T00:00:00.000Z,0.45,34,11.53,2.86,17.07,9.812,24
544786,"Caloocan Sports Complex, District 1, Philippines","Clarity/dmrbb2026","https://aqicn.org/station/@544786/",2025-11-22T00:00:00.000Z,2.75,21.34,9.4,4.83,16.64,5.823,24
544786,"Caloocan Sports Complex, District 1, Philippines","Clarity/dmrbb2026","https://aqicn.org/station/@544786/",2025-11-23T00:00:00.000Z,2.18,19.86,7.02,4.95,12.48,5.569,21
544786,"Caloocan Sports Complex, District 1, Philippines","Clarity/dmrbb2026","https://aqicn.org/station/@544786/",2025-11-24T00:00:00.000Z,0.43,7.09,1.44,0.91,5.31,2.272,24
544786,"Caloocan Sports Complex, District 1, Philippines","Clarity/dmrbb2026","https://aqicn.org/station/@544786/",2025-11-25T00:00:00.000Z,1.41,44.31,6.43,4.37,11.36,9.358,24
544786,"Caloocan Sports Complex, District 1, Philippines","Clarity/dmrbb2026","https://aqicn.org/station/@544786/",2025-11-26T00:00:00.000Z,3.36,57.98,20.17,9.91,29.37,13.411,24
544786,"Caloocan Sports Complex, District 1, Philippines","Clarity/dmrbb2026","https://aqicn.org/station/@544786/",2025-11-27T00:00:00.000Z,9.5,66.45,22.29,17.5,28.6,15.538,24
544786,"Caloocan Sports Complex, District 1, Philippines","Clarity/dmrbb2026","https://aqicn.org/station/@544786/",2025-11-28T00:00:00.000Z,9.84,44.1,24.02,17.72,27.22,7.674,24
544786,"Caloocan Sports Complex, District 1, Philippines","Clarity/dmrbb2026","https://aqicn.org/station/@544786/",2025-11-29T00:00:00.000Z,19.32,54.86,28.87,25.94,37.97,9.533,24
544786,"Caloocan Sports Complex, District 1, Philippines","Clarity/dmrbb2026","https://aqicn.org/station/@544786/",2025-11-30T00:00:00.000Z,6.96,37.64,22.85,18.84,25.27,7.147,24
544786,"Caloocan Sports Complex, District 1, Philippines","Clarity/dmrbb2026","https://aqicn.org/station/@544786/",2025-12-01T00:00:00.000Z,17.63,76.34,20.76,19.48,28.67,15.44,24
544786,"Caloocan Sports Complex, District 1, Philippines","Clarity/dmrbb2026","https://aqicn.org/station/@544786/",2025-12-02T00:00:00.000Z,15.23,55.71,24.84,20.73,37.15,12.088,24
544786,"Caloocan Sports Complex, District 1, Philippines","Clarity/dmrbb2026","https://aqicn.org/station/@544786/",2025-12-03T00:00:00.000Z,0.39,45.26,8.68,1.41,17.95,12.758,24
544786,"Caloocan Sports Complex, District 1, Philippines","Clarity/dmrbb2026","https://aqicn.org/station/@544786/",2025-12-04T00:00:00.000Z,4.73,14.94,7.05,5.76,10.06,2.612,24
544786,"Caloocan Sports Complex, District 1, Philippines","Clarity/dmrbb2026","https://aqicn.org/station/@544786/",2025-12-05T00:00:00.000Z,3.64,33.72,10.54,5.62,14.43,7.735,24
544786,"Caloocan Sports Complex, District 1, Philippines","Clarity/dmrbb2026","https://aqicn.org/station/@544786/",2025-12-06T00:00:00.000Z,5.74,31.32,14.69,8.94,19.8,7.085,24
544786,"Caloocan Sports Complex, District 1, Philippines","Clarity/dmrbb2026","https://aqicn.org/station/@544786/",2025-12-07T00:00:00.000Z,1,28.57,6.26,3.38,11.46,8.153,24
544786,"Caloocan Sports Complex, District 1, Philippines","Clarity/dmrbb2026","https://aqicn.org/station/@544786/",2025-12-08T00:00:00.000Z,0.18,30.11,6.97,2.78,12.65,8.045,24
544786,"Caloocan Sports Complex, District 1, Philippines","Clarity/dmrbb2026","https://aqicn.org/station/@544786/",2025-12-09T00:00:00.000Z,1.37,23.96,9.41,5.25,16.22,6.308,24
544786,"Caloocan Sports Complex, District 1, Philippines","Clarity/dmrbb2026","https://aqicn.org/station/@544786/",2025-12-10T00:00:00.000Z,0.45,24.5,5.99,2.13,15.11,7.344,25
544786,"Caloocan Sports Complex, District 1, Philippines","Clarity/dmrbb2026","https://aqicn.org/station/@544786/",2025-12-11T00:00:00.000Z,0.72,13.11,4.95,3.02,6.57,2.791,24
544786,"Caloocan Sports Complex, District 1, Philippines","Clarity/dmrbb2026","https://aqicn.org/station/@544786/",2025-12-12T00:00:00.000Z,3.72,32.96,12.98,8.91,19.36,7.645,24
544786,"Caloocan Sports Complex, District 1, Philippines","Clarity/dmrbb2026","https://aqicn.org/station/@544786/",2025-12-13T00:00:00.000Z,3.83,35.19,16.51,7.67,26.33,9.569,24
544786,"Caloocan Sports Complex, District 1, Philippines","Clarity/dmrbb2026","https://aqicn.org/station/@544786/",2025-12-14T00:00:00.000Z,1.4,20.19,6.87,3.9,10.36,4.651,24
544786,"Caloocan Sports Complex, District 1, Philippines","Clarity/dmrbb2026","https://aqicn.org/station/@544786/",2025-12-15T00:00:00.000Z,1.37,80.45,16.43,3.57,37.02,23.561,24
544786,"Caloocan Sports Complex, District 1, Philippines","Clarity/dmrbb2026","https://aqicn.org/station/@544786/",2025-12-16T00:00:00.000Z,0.02,19.05,2.58,0.91,5.24,4.351,24
544786,"Caloocan Sports Complex, District 1, Philippines","Clarity/dmrbb2026","https://aqicn.org/station/@544786/",2025-12-17T00:00:00.000Z,2,34.53,8.47,3.89,14.9,8.58,24
544786,"Caloocan Sports Complex, District 1, Philippines","Clarity/dmrbb2026","https://aqicn.org/station/@544786/",2025-12-18T00:00:00.000Z,2.17,24.63,8.5,3.92,14.2,6.829,24
544786,"Caloocan Sports Complex, District 1, Philippines","Clarity/dmrbb2026","https://aqicn.org/station/@544786/",2025-12-19T00:00:00.000Z,1.69,35.92,19.29,7.84,27.41,10.85,24
544786,"Caloocan Sports Complex, District 1, Philippines","Clarity/dmrbb2026","https://aqicn.org/station/@544786/",2025-12-20T00:00:00.000Z,5.99,42.09,28.92,11.99,33.97,11.506,24
544786,"Caloocan Sports Complex, District 1, Philippines","Clarity/dmrbb2026","https://aqicn.org/station/@544786/",2025-12-21T00:00:00.000Z,0.84,32.79,9.72,4.51,21.31,10.322,24
544786,"Caloocan Sports Complex, District 1, Philippines","Clarity/dmrbb2026","https://aqicn.org/station/@544786/",2025-12-22T00:00:00.000Z,0.23,21.68,3.78,1.32,7.21,5.887,24
544786,"Caloocan Sports Complex, District 1, Philippines","Clarity/dmrbb2026","https://aqicn.org/station/@544786/",2025-12-23T00:00:00.000Z,2.06,40.89,5.31,3.43,10.06,10.062,24
544786,"Caloocan Sports Complex, District 1, Philippines","Clarity/dmrbb2026","https://aqicn.org/station/@544786/",2025-12-24T00:00:00.000Z,3.88,112.9,27.49,11.38,65.25,34.99,24
544786,"Caloocan Sports Complex, District 1, Philippines","Clarity/dmrbb2026","https://aqicn.org/station/@544786/",2025-12-25T00:00:00.000Z,3.72,30.31,14.36,11.54,21.96,7.125,24
544786,"Caloocan Sports Complex, District 1, Philippines","Clarity/dmrbb2026","https://aqicn.org/station/@544786/",2025-12-26T00:00:00.000Z,3.63,66.31,43.52,8.94,55.99,23.447,24
544786,"Caloocan Sports Complex, District 1, Philippines","Clarity/dmrbb2026","https://aqicn.org/station/@544786/",2025-12-27T00:00:00.000Z,5.05,45.8,15.31,9.59,22.42,9.072,24
544786,"Caloocan Sports Complex, District 1, Philippines","Clarity/dmrbb2026","https://aqicn.org/station/@544786/",2025-12-28T00:00:00.000Z,5.87,68.34,15.11,10.54,24.24,16.474,24
544786,"Caloocan Sports Complex, District 1, Philippines","Clarity/dmrbb2026","https://aqicn.org/station/@544786/",2025-12-29T00:00:00.000Z,9.41,88.27,24.69,20.1,34.09,20.138,24
544786,"Caloocan Sports Complex, District 1, Philippines","Clarity/dmrbb2026","https://aqicn.org/station/@544786/",2025-12-30T00:00:00.000Z,18.64,63.27,24.12,22.34,26.24,8.874,24
544786,"Caloocan Sports Complex, District 1, Philippines","Clarity/dmrbb2026","https://aqicn.org/station/@544786/",2025-12-31T00:00:00.000Z,21.93,230.2,81.15,33,144.01,63.155,24
544786,"Caloocan Sports Complex, District 1, Philippines","Clarity/dmrbb2026","https://aqicn.org/station/@544786/",2026-01-01T00:00:00.000Z,5.35,58.04,17.63,9.94,49.27,18.661,24
544786,"Caloocan Sports Complex, District 1, Philippines","Clarity/dmrbb2026","https://aqicn.org/station/@544786/",2026-01-02T00:00:00.000Z,0.38,19.02,4.46,1.46,12.44,6.03,24
544786,"Caloocan Sports Complex, District 1, Philippines","Clarity/dmrbb2026","https://aqicn.org/station/@544786/",2026-01-03T00:00:00.000Z,0,6.37,0.99,0.15,1.38,1.717,24
544786,"Caloocan Sports Complex, District 1, Philippines","Clarity/dmrbb2026","https://aqicn.org/station/@544786/",2026-01-04T00:00:00.000Z,0.27,17.5,3.07,2.27,7.58,5.276,24
544786,"Caloocan Sports Complex, District 1, Philippines","Clarity/dmrbb2026","https://aqicn.org/station/@544786/",2026-01-05T00:00:00.000Z,3.88,44.97,15.54,11.02,18.37,9.189,24
544786,"Caloocan Sports Complex, District 1, Philippines","Clarity/dmrbb2026","https://aqicn.org/station/@544786/",2026-01-06T00:00:00.000Z,0.18,18.05,3.52,1.61,7.08,4.332,24
544786,"Caloocan Sports Complex, District 1, Philippines","Clarity/dmrbb2026","https://aqicn.org/station/@544786/",2026-01-07T00:00:00.000Z,2.98,25.17,14.43,5.05,19.38,7.194,24
544786,"Caloocan Sports Complex, District 1, Philippines","Clarity/dmrbb2026","https://aqicn.org/station/@544786/",2026-01-08T00:00:00.000Z,0.53,28.03,5.08,2.67,11.92,7.445,24
544786,"Caloocan Sports Complex, District 1, Philippines","Clarity/dmrbb2026","https://aqicn.org/station/@544786/",2026-01-09T00:00:00.000Z,0.2,7.25,2.19,1.3,4.44,2.158,24
544786,"Caloocan Sports Complex, District 1, Philippines","Clarity/dmrbb2026","https://aqicn.org/station/@544786/",2026-01-10T00:00:00.000Z,3.03,41.16,12.95,5.89,27.89,11.962,24
544786,"Caloocan Sports Complex, District 1, Philippines","Clarity/dmrbb2026","https://aqicn.org/station/@544786/",2026-01-11T00:00:00.000Z,0.01,20.59,6.94,0.52,14.97,7.53,24
544786,"Caloocan Sports Complex, District 1, Philippines","Clarity/dmrbb2026","https://aqicn.org/station/@544786/",2026-01-12T00:00:00.000Z,1.49,17.14,4.42,3.33,8.23,4.443,24
544786,"Caloocan Sports Complex, District 1, Philippines","Clarity/dmrbb2026","https://aqicn.org/station/@544786/",2026-01-13T00:00:00.000Z,3.33,43.39,13.72,8.25,28.16,11.67,24
544786,"Caloocan Sports Complex, District 1, Philippines","Clarity/dmrbb2026","https://aqicn.org/station/@544786/",2026-01-14T00:00:00.000Z,3.27,34.79,12.12,8.66,19.38,8.256,24
544786,"Caloocan Sports Complex, District 1, Philippines","Clarity/dmrbb2026","https://aqicn.org/station/@544786/",2026-01-15T00:00:00.000Z,4,36.04,24.07,12.32,29.74,10.227,24
544786,"Caloocan Sports Complex, District 1, Philippines","Clarity/dmrbb2026","https://aqicn.org/station/@544786/",2026-01-16T00:00:00.000Z,5.55,44,19.01,15.04,27.61,10.326,24
544786,"Caloocan Sports Complex, District 1, Philippines","Clarity/dmrbb2026","https://aqicn.org/station/@544786/",2026-01-17T00:00:00.000Z,9.75,61.81,28.89,24.6,38.22,12.592,24
544786,"Caloocan Sports Complex, District 1, Philippines","Clarity/dmrbb2026","https://aqicn.org/station/@544786/",2026-01-18T00:00:00.000Z,21.59,55.89,31.32,23.76,42.29,10.55,24
544786,"Caloocan Sports Complex, District 1, Philippines","Clarity/dmrbb2026","https://aqicn.org/station/@544786/",2026-01-19T00:00:00.000Z,15.3,40.65,23.09,19.39,29.3,7.273,24
544786,"Caloocan Sports Complex, District 1, Philippines","Clarity/dmrbb2026","https://aqicn.org/station/@544786/",2026-01-20T00:00:00.000Z,11.5,29.81,22.23,18.8,26.18,5.216,24
544786,"Caloocan Sports Complex, District 1, Philippines","Clarity/dmrbb2026","https://aqicn.org/station/@544786/",2026-01-21T00:00:00.000Z,4.97,39.11,14.7,10.76,28.55,10.955,24
544786,"Caloocan Sports Complex, District 1, Philippines","Clarity/dmrbb2026","https://aqicn.org/station/@544786/",2026-01-22T00:00:00.000Z,1.59,26.31,9.18,5.55,18.94,7.933,24
544786,"Caloocan Sports Complex, District 1, Philippines","Clarity/dmrbb2026","https://aqicn.org/station/@544786/",2026-01-23T00:00:00.000Z,5.7,45.34,11.69,8.55,20.42,9.658,22
544786,"Caloocan Sports Complex, District 1, Philippines","Clarity/dmrbb2026","https://aqicn.org/station/@544786/",2026-01-24T00:00:00.000Z,3.23,28.78,9.67,5.35,17.05,7.279,24
544786,"Caloocan Sports Complex, District 1, Philippines","Clarity/dmrbb2026","https://aqicn.org/station/@544786/",2026-01-25T00:00:00.000Z,4.21,64.04,27.28,9.24,30.52,15.481,24
544786,"Caloocan Sports Complex, District 1, Philippines","Clarity/dmrbb2026","https://aqicn.org/station/@544786/",2026-01-26T00:00:00.000Z,2.14,28.96,9.61,4.55,16.27,7.939,24
544786,"Caloocan Sports Complex, District 1, Philippines","Clarity/dmrbb2026","https://aqicn.org/station/@544786/",2026-01-27T00:00:00.000Z,4.32,33.95,14.93,8.8,21.8,8.47,24
544786,"Caloocan Sports Complex, District 1, Philippines","Clarity/dmrbb2026","https://aqicn.org/station/@544786/",2026-01-28T00:00:00.000Z,6.44,58.86,29.21,13.02,32.25,13.168,20
544786,"Caloocan Sports Complex, District 1, Philippines","Clarity/dmrbb2026","https://aqicn.org/station/@544786/",2026-01-29T00:00:00.000Z,5.01,55.74,24.37,14.22,30.83,12.874,24
544786,"Caloocan Sports Complex, District 1, Philippines","Clarity/dmrbb2026","https://aqicn.org/station/@544786/",2026-01-30T00:00:00.000Z,20,65.13,25.23,21.84,29.52,8.669,25
544786,"Caloocan Sports Complex, District 1, Philippines","Clarity/dmrbb2026","https://aqicn.org/station/@544786/",2026-01-31T00:00:00.000Z,7.96,61.96,22.66,16.73,33.86,13.332,24
544786,"Caloocan Sports Complex, District 1, Philippines","Clarity/dmrbb2026","https://aqicn.org/station/@544786/",2026-02-01T00:00:00.000Z,8.48,59.2,18.8,14.58,25.18,11.16,24
544786,"Caloocan Sports Complex, District 1, Philippines","Clarity/dmrbb2026","https://aqicn.org/station/@544786/",2026-02-02T00:00:00.000Z,7.61,34,17.01,9.65,21,6.767,24
544786,"Caloocan Sports Complex, District 1, Philippines","Clarity/dmrbb2026","https://aqicn.org/station/@544786/",2026-02-03T00:00:00.000Z,6.14,80.75,32.03,12.86,53.68,23.166,24
544786,"Caloocan Sports Complex, District 1, Philippines","Clarity/dmrbb2026","https://aqicn.org/station/@544786/",2026-02-04T00:00:00.000Z,6.37,65.33,19.95,11.07,32.52,16.046,24
544786,"Caloocan Sports Complex, District 1, Philippines","Clarity/dmrbb2026","https://aqicn.org/station/@544786/",2026-02-05T00:00:00.000Z,6.63,49.09,17.94,15.72,21.76,9.535,24
544786,"Caloocan Sports Complex, District 1, Philippines","Clarity/dmrbb2026","https://aqicn.org/station/@544786/",2026-02-06T00:00:00.000Z,2.15,31.16,8.25,6.72,13.64,7.355,24
544786,"Caloocan Sports Complex, District 1, Philippines","Clarity/dmrbb2026","https://aqicn.org/station/@544786/",2026-02-07T00:00:00.000Z,0.57,22.68,2.76,1.32,7.56,6.523,24
544786,"Caloocan Sports Complex, District 1, Philippines","Clarity/dmrbb2026","https://aqicn.org/station/@544786/",2026-02-08T00:00:00.000Z,0,3.08,1.36,0.09,2,0.96,24
544786,"Caloocan Sports Complex, District 1, Philippines","Clarity/dmrbb2026","https://aqicn.org/station/@544786/",2026-02-09T00:00:00.000Z,0.52,23.34,4.13,2.82,6.22,4.613,24
544786,"Caloocan Sports Complex, District 1, Philippines","Clarity/dmrbb2026","https://aqicn.org/station/@544786/",2026-02-10T00:00:00.000Z,4.71,36.03,11.34,6.57,22.7,8.495,23
544786,"Caloocan Sports Complex, District 1, Philippines","Clarity/dmrbb2026","https://aqicn.org/station/@544786/",2026-02-11T00:00:00.000Z,2.1,32.65,12.35,7.89,17.77,7.097,24
544786,"Caloocan Sports Complex, District 1, Philippines","Clarity/dmrbb2026","https://aqicn.org/station/@544786/",2026-02-12T00:00:00.000Z,2.31,51.54,13.91,7.29,24.6,13.297,24
544786,"Caloocan Sports Complex, District 1, Philippines","Clarity/dmrbb2026","https://aqicn.org/station/@544786/",2026-02-13T00:00:00.000Z,2.17,25.84,6.1,3.84,14.43,6.911,24
544786,"Caloocan Sports Complex, District 1, Philippines","Clarity/dmrbb2026","https://aqicn.org/station/@544786/",2026-02-14T00:00:00.000Z,6.06,67.11,17.71,12.97,25.91,16.808,24
544786,"Caloocan Sports Complex, District 1, Philippines","Clarity/dmrbb2026","https://aqicn.org/station/@544786/",2026-02-15T00:00:00.000Z,1.2,25.14,7.61,4.26,10.91,5.172,24
544786,"Caloocan Sports Complex, District 1, Philippines","Clarity/dmrbb2026","https://aqicn.org/station/@544786/",2026-02-16T00:00:00.000Z,8.22,37.04,20.14,11.49,26.65,8.604,24
544786,"Caloocan Sports Complex, District 1, Philippines","Clarity/dmrbb2026","https://aqicn.org/station/@544786/",2026-02-17T00:00:00.000Z,14.03,45.15,24.35,18.8,32.32,8.471,24
544786,"Caloocan Sports Complex, District 1, Philippines","Clarity/dmrbb2026","https://aqicn.org/station/@544786/",2026-02-18T00:00:00.000Z,2.72,41.94,9.9,6.3,21.31,10.246,24
544786,"Caloocan Sports Complex, District 1, Philippines","Clarity/dmrbb2026","https://aqicn.org/station/@544786/",2026-02-19T00:00:00.000Z,7.36,30.15,12.83,8.84,21.02,7.081,24
544786,"Caloocan Sports Complex, District 1, Philippines","Clarity/dmrbb2026","https://aqicn.org/station/@544786/",2026-02-20T00:00:00.000Z,7.75,31.34,24.05,18.47,28.32,6.872,24
544786,"Caloocan Sports Complex, District 1, Philippines","Clarity/dmrbb2026","https://aqicn.org/station/@544786/",2026-02-21T00:00:00.000Z,8.26,53.1,30.81,20.05,41.47,13.193,24
544786,"Caloocan Sports Complex, District 1, Philippines","Clarity/dmrbb2026","https://aqicn.org/station/@544786/",2026-02-22T00:00:00.000Z,18.09,50.07,24.23,22.35,25.69,6.507,24
544786,"Caloocan Sports Complex, District 1, Philippines","Clarity/dmrbb2026","https://aqicn.org/station/@544786/",2026-02-23T00:00:00.000Z,6.01,40.35,20.84,12.8,27.23,9.076,24
544786,"Caloocan Sports Complex, District 1, Philippines","Clarity/dmrbb2026","https://aqicn.org/station/@544786/",2026-02-24T00:00:00.000Z,7.71,43.12,30.03,20.91,32.97,9.547,24
544786,"Caloocan Sports Complex, District 1, Philippines","Clarity/dmrbb2026","https://aqicn.org/station/@544786/",2026-02-25T00:00:00.000Z,12.14,30.76,22.36,19.6,26.93,4.681,24
544786,"Caloocan Sports Complex, District 1, Philippines","Clarity/dmrbb2026","https://aqicn.org/station/@544786/",2026-02-26T00:00:00.000Z,15.33,38.74,20.16,17.18,22.17,5.713,24
544786,"Caloocan Sports Complex, District 1, Philippines","Clarity/dmrbb2026","https://aqicn.org/station/@544786/",2026-02-27T00:00:00.000Z,20.65,86.74,30.18,25.55,43.54,14.433,24
544786,"Caloocan Sports Complex, District 1, Philippines","Clarity/dmrbb2026","https://aqicn.org/station/@544786/",2026-02-28T00:00:00.000Z,11.45,47.26,23.48,17.01,27.68,8.587,24
544786,"Caloocan Sports Complex, District 1, Philippines","Clarity/dmrbb2026","https://aqicn.org/station/@544786/",2026-03-01T00:00:00.000Z,1.02,31.56,13.3,5.04,15.25,7.063,24
544786,"Caloocan Sports Complex, District 1, Philippines","Clarity/dmrbb2026","https://aqicn.org/station/@544786/",2026-03-02T00:00:00.000Z,4.3,36.86,23.94,11.37,30.16,10.017,24
544786,"Caloocan Sports Complex, District 1, Philippines","Clarity/dmrbb2026","https://aqicn.org/station/@544786/",2026-03-03T00:00:00.000Z,14,33.83,19.8,17.07,23.2,4.592,24
544786,"Caloocan Sports Complex, District 1, Philippines","Clarity/dmrbb2026","https://aqicn.org/station/@544786/",2026-03-04T00:00:00.000Z,16.26,30.56,25.16,21.69,26.73,3.517,24
544786,"Caloocan Sports Complex, District 1, Philippines","Clarity/dmrbb2026","https://aqicn.org/station/@544786/",2026-03-05T00:00:00.000Z,6.27,34.75,26.22,11.42,28.26,9.031,24
544786,"Caloocan Sports Complex, District 1, Philippines","Clarity/dmrbb2026","https://aqicn.org/station/@544786/",2026-03-06T00:00:00.000Z,13.4,48.01,24.73,18.84,28.97,9.188,24
544786,"Caloocan Sports Complex, District 1, Philippines","Clarity/dmrbb2026","https://aqicn.org/station/@544786/",2026-03-07T00:00:00.000Z,17.5,44.38,21.18,19.19,22.99,6.029,24
544786,"Caloocan Sports Complex, District 1, Philippines","Clarity/dmrbb2026","https://aqicn.org/station/@544786/",2026-03-08T00:00:00.000Z,1.02,21.92,3.97,2.34,7.09,5.508,24
544786,"Caloocan Sports Complex, District 1, Philippines","Clarity/dmrbb2026","https://aqicn.org/station/@544786/",2026-03-09T00:00:00.000Z,3.79,29.45,8.71,5.75,17.8,7.831,24
544786,"Caloocan Sports Complex, District 1, Philippines","Clarity/dmrbb2026","https://aqicn.org/station/@544786/",2026-03-10T00:00:00.000Z,12.11,42.21,25.39,15.53,27.86,7.519,24
544786,"Caloocan Sports Complex, District 1, Philippines","Clarity/dmrbb2026","https://aqicn.org/station/@544786/",2026-03-11T00:00:00.000Z,13.4,52.38,24.27,21,28.06,9.089,24
544786,"Caloocan Sports Complex, District 1, Philippines","Clarity/dmrbb2026","https://aqicn.org/station/@544786/",2026-03-12T00:00:00.000Z,0.23,38.42,17.22,3.76,21.72,10.577,24
544786,"Caloocan Sports Complex, District 1, Philippines","Clarity/dmrbb2026","https://aqicn.org/station/@544786/",2026-03-13T00:00:00.000Z,4.04,22.97,9.16,5.83,11.73,5.203,24
544786,"Caloocan Sports Complex, District 1, Philippines","Clarity/dmrbb2026","https://aqicn.org/station/@544786/",2026-03-14T00:00:00.000Z,9.34,33.54,25.9,13.04,29.42,8.444,24
544786,"Caloocan Sports Complex, District 1, Philippines","Clarity/dmrbb2026","https://aqicn.org/station/@544786/",2026-03-15T00:00:00.000Z,7.86,25.62,14.77,12.22,19.61,4.665,24
544786,"Caloocan Sports Complex, District 1, Philippines","Clarity/dmrbb2026","https://aqicn.org/station/@544786/",2026-03-16T00:00:00.000Z,4.32,33.04,13.46,8.02,23.88,9.254,24
544786,"Caloocan Sports Complex, District 1, Philippines","Clarity/dmrbb2026","https://aqicn.org/station/@544786/",2026-03-17T00:00:00.000Z,4.26,61.18,21.99,9.89,29.76,16.14,24
544786,"Caloocan Sports Complex, District 1, Philippines","Clarity/dmrbb2026","https://aqicn.org/station/@544786/",2026-03-18T00:00:00.000Z,14,35.22,19.02,16.39,21.37,4.623,24
544786,"Caloocan Sports Complex, District 1, Philippines","Clarity/dmrbb2026","https://aqicn.org/station/@544786/",2026-03-19T00:00:00.000Z,13.98,40.85,21.93,18.19,25.73,6.563,24
544786,"Caloocan Sports Complex, District 1, Philippines","Clarity/dmrbb2026","https://aqicn.org/station/@544786/",2026-03-20T00:00:00.000Z,16.36,44.51,20.13,18.77,22.68,7.336,24
544786,"Caloocan Sports Complex, District 1, Philippines","Clarity/dmrbb2026","https://aqicn.org/station/@544786/",2026-03-21T00:00:00.000Z,15.98,45.21,21.49,20.21,25.29,6.197,24
544786,"Caloocan Sports Complex, District 1, Philippines","Clarity/dmrbb2026","https://aqicn.org/station/@544786/",2026-03-22T00:00:00.000Z,10.71,40.79,22.7,15.75,32,9.989,24
544786,"Caloocan Sports Complex, District 1, Philippines","Clarity/dmrbb2026","https://aqicn.org/station/@544786/",2026-03-23T00:00:00.000Z,18.92,43.97,25.15,23.29,30.4,6.111,24
544786,"Caloocan Sports Complex, District 1, Philippines","Clarity/dmrbb2026","https://aqicn.org/station/@544786/",2026-03-24T00:00:00.000Z,10.54,37.84,21.97,15.08,26.06,7.149,24
544786,"Caloocan Sports Complex, District 1, Philippines","Clarity/dmrbb2026","https://aqicn.org/station/@544786/",2026-03-25T00:00:00.000Z,7.5,28.19,20.67,10.59,22.27,6.436,24
544786,"Caloocan Sports Complex, District 1, Philippines","Clarity/dmrbb2026","https://aqicn.org/station/@544786/",2026-03-26T00:00:00.000Z,9.27,26.59,18.05,13.07,20.85,4.802,24
544786,"Caloocan Sports Complex, District 1, Philippines","Clarity/dmrbb2026","https://aqicn.org/station/@544786/",2026-03-27T00:00:00.000Z,20.1,31.8,24.12,22.74,25.52,3.114,24
544786,"Caloocan Sports Complex, District 1, Philippines","Clarity/dmrbb2026","https://aqicn.org/station/@544786/",2026-03-28T00:00:00.000Z,22.15,59.15,31.03,26.42,33.72,9.053,24
544786,"Caloocan Sports Complex, District 1, Philippines","Clarity/dmrbb2026","https://aqicn.org/station/@544786/",2026-03-29T00:00:00.000Z,21.21,35.54,29.19,25.65,31.85,3.969,24
544786,"Caloocan Sports Complex, District 1, Philippines","Clarity/dmrbb2026","https://aqicn.org/station/@544786/",2026-03-30T00:00:00.000Z,26.83,35.25,29.19,27.95,30.64,2.337,24
544786,"Caloocan Sports Complex, District 1, Philippines","Clarity/dmrbb2026","https://aqicn.org/station/@544786/",2026-03-31T00:00:00.000Z,21.85,46.69,32.35,29.88,35.26,5.083,24
544786,"Caloocan Sports Complex, District 1, Philippines","Clarity/dmrbb2026","https://aqicn.org/station/@544786/",2026-04-01T00:00:00.000Z,9.27,32.85,24.63,15.35,29.97,7.621,24
544786,"Caloocan Sports Complex, District 1, Philippines","Clarity/dmrbb2026","https://aqicn.org/station/@544786/",2026-04-02T00:00:00.000Z,11.25,30.95,19.68,16.57,24.01,5.126,24
544786,"Caloocan Sports Complex, District 1, Philippines","Clarity/dmrbb2026","https://aqicn.org/station/@544786/",2026-04-03T00:00:00.000Z,15.67,31.02,19.45,16.96,21.56,3.626,24
544786,"Caloocan Sports Complex, District 1, Philippines","Clarity/dmrbb2026","https://aqicn.org/station/@544786/",2026-04-04T00:00:00.000Z,19.7,65.59,26.32,23.96,29.35,11.15,24
544786,"Caloocan Sports Complex, District 1, Philippines","Clarity/dmrbb2026","https://aqicn.org/station/@544786/",2026-04-05T00:00:00.000Z,22.47,49.25,36.39,30,42.78,7.055,24
544786,"Caloocan Sports Complex, District 1, Philippines","Clarity/dmrbb2026","https://aqicn.org/station/@544786/",2026-04-06T00:00:00.000Z,18.94,36.43,26.81,24.59,28.89,4.393,24
544786,"Caloocan Sports Complex, District 1, Philippines","Clarity/dmrbb2026","https://aqicn.org/station/@544786/",2026-04-07T00:00:00.000Z,21.06,46.01,30.16,26.18,33.22,6.21,24
544786,"Caloocan Sports Complex, District 1, Philippines","Clarity/dmrbb2026","https://aqicn.org/station/@544786/",2026-04-08T00:00:00.000Z,17.1,40.86,27.54,21.92,31.64,6.332,24
544786,"Caloocan Sports Complex, District 1, Philippines","Clarity/dmrbb2026","https://aqicn.org/station/@544786/",2026-04-09T00:00:00.000Z,6.12,37.49,26.86,21.79,33.5,8.868,24
544786,"Caloocan Sports Complex, District 1, Philippines","Clarity/dmrbb2026","https://aqicn.org/station/@544786/",2026-04-10T00:00:00.000Z,23.56,38.09,30.32,29.54,32.58,3.102,24
544786,"Caloocan Sports Complex, District 1, Philippines","Clarity/dmrbb2026","https://aqicn.org/station/@544786/",2026-04-11T00:00:00.000Z,20.42,54.61,34.72,24.77,47.01,11.631,24
544786,"Caloocan Sports Complex, District 1, Philippines","Clarity/dmrbb2026","https://aqicn.org/station/@544786/",2026-04-12T00:00:00.000Z,19.59,66.83,30.28,26.43,39.97,12.645,24
544786,"Caloocan Sports Complex, District 1, Philippines","Clarity/dmrbb2026","https://aqicn.org/station/@544786/",2026-04-13T00:00:00.000Z,16.92,71.06,27.67,25.73,32.78,12.469,24
544786,"Caloocan Sports Complex, District 1, Philippines","Clarity/dmrbb2026","https://aqicn.org/station/@544786/",2026-04-14T00:00:00.000Z,19.73,55.67,25.58,22.16,30.72,10.414,23
544786,"Caloocan Sports Complex, District 1, Philippines","Clarity/dmrbb2026","https://aqicn.org/station/@544786/",2026-04-15T00:00:00.000Z,20.93,50.54,26.64,23.63,39.99,9.192,24
544786,"Caloocan Sports Complex, District 1, Philippines","Clarity/dmrbb2026","https://aqicn.org/station/@544786/",2026-04-16T00:00:00.000Z,28.47,57.85,36.45,32.89,43.7,7.728,24
544786,"Caloocan Sports Complex, District 1, Philippines","Clarity/dmrbb2026","https://aqicn.org/station/@544786/",2026-04-17T00:00:00.000Z,34.42,59.87,51.53,48.52,55.47,6.798,24
544786,"Caloocan Sports Complex, District 1, Philippines","Clarity/dmrbb2026","https://aqicn.org/station/@544786/",2026-04-18T00:00:00.000Z,30.83,85.27,54.12,39.94,65.5,16.322,24
544786,"Caloocan Sports Complex, District 1, Philippines","Clarity/dmrbb2026","https://aqicn.org/station/@544786/",2026-04-19T00:00:00.000Z,34.82,65.72,48.25,40.22,53.18,8.877,24
544786,"Caloocan Sports Complex, District 1, Philippines","Clarity/dmrbb2026","https://aqicn.org/station/@544786/",2026-04-20T00:00:00.000Z,32.5,70.77,48.86,35.59,58.99,12.76,24
544786,"Caloocan Sports Complex, District 1, Philippines","Clarity/dmrbb2026","https://aqicn.org/station/@544786/",2026-04-21T00:00:00.000Z,28.47,65.14,36.57,33.04,42.07,8.619,24
544786,"Caloocan Sports Complex, District 1, Philippines","Clarity/dmrbb2026","https://aqicn.org/station/@544786/",2026-04-22T00:00:00.000Z,28.18,43.25,33.61,31.78,35.63,3.578,24
544786,"Caloocan Sports Complex, District 1, Philippines","Clarity/dmrbb2026","https://aqicn.org/station/@544786/",2026-04-23T00:00:00.000Z,25.98,59.19,33.64,30.41,38.25,8.704,24
544786,"Caloocan Sports Complex, District 1, Philippines","Clarity/dmrbb2026","https://aqicn.org/station/@544786/",2026-04-24T00:00:00.000Z,23.29,54.55,33.35,26.31,38.04,8.874,24
544786,"Caloocan Sports Complex, District 1, Philippines","Clarity/dmrbb2026","https://aqicn.org/station/@544786/",2026-04-25T00:00:00.000Z,16.82,48.43,27.86,22.71,32.77,8.512,24
544786,"Caloocan Sports Complex, District 1, Philippines","Clarity/dmrbb2026","https://aqicn.org/station/@544786/",2026-04-26T00:00:00.000Z,18.85,40.02,27.48,23.25,33.61,6.099,24
544786,"Caloocan Sports Complex, District 1, Philippines","Clarity/dmrbb2026","https://aqicn.org/station/@544786/",2026-04-27T00:00:00.000Z,9.47,33.64,17.44,12.93,20.87,5.96,24
544786,"Caloocan Sports Complex, District 1, Philippines","Clarity/dmrbb2026","https://aqicn.org/station/@544786/",2026-04-28T00:00:00.000Z,8.73,32.17,15.58,11.27,20.94,6.485,24
544786,"Caloocan Sports Complex, District 1, Philippines","Clarity/dmrbb2026","https://aqicn.org/station/@544786/",2026-04-29T00:00:00.000Z,15.9,28.49,23.16,21.09,24.33,3.196,24
544786,"Caloocan Sports Complex, District 1, Philippines","Clarity/dmrbb2026","https://aqicn.org/station/@544786/",2026-04-30T00:00:00.000Z,8.19,38.15,19.8,15.17,21.81,7.204,24
544786,"Caloocan Sports Complex, District 1, Philippines","Clarity/dmrbb2026","https://aqicn.org/station/@544786/",2026-05-01T00:00:00.000Z,8.42,36.61,15.58,11.32,21.89,7.374,24
544786,"Caloocan Sports Complex, District 1, Philippines","Clarity/dmrbb2026","https://aqicn.org/station/@544786/",2026-05-02T00:00:00.000Z,9.84,35.04,15.33,13.06,21.71,6.872,24
544786,"Caloocan Sports Complex, District 1, Philippines","Clarity/dmrbb2026","https://aqicn.org/station/@544786/",2026-05-03T00:00:00.000Z,5.59,27.64,16.23,11.96,21.23,6.344,24
544786,"Caloocan Sports Complex, District 1, Philippines","Clarity/dmrbb2026","https://aqicn.org/station/@544786/",2026-05-04T00:00:00.000Z,6.14,30.96,13.18,9.66,16.39,6.352,24
544786,"Caloocan Sports Complex, District 1, Philippines","Clarity/dmrbb2026","https://aqicn.org/station/@544786/",2026-05-05T00:00:00.000Z,9.36,24.45,13.18,11.01,17.98,4.108,24
544786,"Caloocan Sports Complex, District 1, Philippines","Clarity/dmrbb2026","https://aqicn.org/station/@544786/",2026-05-06T00:00:00.000Z,11.56,26.41,19.77,15.7,23.68,4.275,24
544786,"Caloocan Sports Complex, District 1, Philippines","Clarity/dmrbb2026","https://aqicn.org/station/@544786/",2026-05-07T00:00:00.000Z,4.88,27.94,17.52,8.82,20.68,6.847,24
544786,"Caloocan Sports Complex, District 1, Philippines","Clarity/dmrbb2026","https://aqicn.org/station/@544786/",2026-05-08T00:00:00.000Z,10.3,29.3,18.61,16.89,21.14,4.059,24
544786,"Caloocan Sports Complex, District 1, Philippines","Clarity/dmrbb2026","https://aqicn.org/station/@544786/",2026-05-09T00:00:00.000Z,10.16,26.73,16.5,13.53,18.93,4.334,25
544786,"Caloocan Sports Complex, District 1, Philippines","Clarity/dmrbb2026","https://aqicn.org/station/@544786/",2026-05-10T00:00:00.000Z,5.09,16.92,11.59,9.61,13.18,3.2,24
544786,"Caloocan Sports Complex, District 1, Philippines","Clarity/dmrbb2026","https://aqicn.org/station/@544786/",2026-05-11T00:00:00.000Z,4.65,20.38,12.43,7.85,16.7,4.826,24
544786,"Caloocan Sports Complex, District 1, Philippines","Clarity/dmrbb2026","https://aqicn.org/station/@544786/",2026-05-12T00:00:00.000Z,17.39,36.24,29.1,27.32,30.62,4.161,24
544786,"Caloocan Sports Complex, District 1, Philippines","Clarity/dmrbb2026","https://aqicn.org/station/@544786/",2026-05-13T00:00:00.000Z,16.67,30.87,24.42,20.74,29.57,4.544,24
544786,"Caloocan Sports Complex, District 1, Philippines","Clarity/dmrbb2026","https://aqicn.org/station/@544786/",2026-05-14T00:00:00.000Z,20.94,41.66,29.76,24.98,36.14,6.07,24
544786,"Caloocan Sports Complex, District 1, Philippines","Clarity/dmrbb2026","https://aqicn.org/station/@544786/",2026-05-15T00:00:00.000Z,18.97,41.06,34.29,32.49,36.5,4.996,24
544786,"Caloocan Sports Complex, District 1, Philippines","Clarity/dmrbb2026","https://aqicn.org/station/@544786/",2026-05-16T00:00:00.000Z,20.17,33.58,26.2,24.2,30.14,3.317,24
544786,"Caloocan Sports Complex, District 1, Philippines","Clarity/dmrbb2026","https://aqicn.org/station/@544786/",2026-05-17T00:00:00.000Z,11.42,34.96,20.59,17.29,24.05,5.946,24
544786,"Caloocan Sports Complex, District 1, Philippines","Clarity/dmrbb2026","https://aqicn.org/station/@544786/",2026-05-18T00:00:00.000Z,7.95,37.79,21.01,15.93,26.89,7.489,24
544786,"Caloocan Sports Complex, District 1, Philippines","Clarity/dmrbb2026","https://aqicn.org/station/@544786/",2026-05-19T00:00:00.000Z,12.24,41.42,30.74,28.16,34.63,6.99,24
544786,"Caloocan Sports Complex, District 1, Philippines","Clarity/dmrbb2026","https://aqicn.org/station/@544786/",2026-05-20T00:00:00.000Z,15.97,46.95,28.09,21.31,33.49,7.914,24
544786,"Caloocan Sports Complex, District 1, Philippines","Clarity/dmrbb2026","https://aqicn.org/station/@544786/",2026-05-21T00:00:00.000Z,7.97,25.71,19.2,12.04,22.19,5.634,24
544786,"Caloocan Sports Complex, District 1, Philippines","Clarity/dmrbb2026","https://aqicn.org/station/@544786/",2026-05-22T00:00:00.000Z,4.41,25.61,15.13,11.33,18.02,5.412,24
544786,"Caloocan Sports Complex, District 1, Philippines","Clarity/dmrbb2026","https://aqicn.org/station/@544786/",2026-05-23T00:00:00.000Z,11.8,39.36,22.26,17.51,29.2,7.754,24
544786,"Caloocan Sports Complex, District 1, Philippines","Clarity/dmrbb2026","https://aqicn.org/station/@544786/",2026-05-24T00:00:00.000Z,3.26,28.66,15.65,7.59,21.32,8.08,24
544786,"Caloocan Sports Complex, District 1, Philippines","Clarity/dmrbb2026","https://aqicn.org/station/@544786/",2026-05-25T00:00:00.000Z,11.21,43.89,21.18,18.37,30.67,8.985,24
544786,"Caloocan Sports Complex, District 1, Philippines","Clarity/dmrbb2026","https://aqicn.org/station/@544786/",2026-05-26T00:00:00.000Z,23.19,37.01,31.85,29.31,34.52,3.666,24
544786,"Caloocan Sports Complex, District 1, Philippines","Clarity/dmrbb2026","https://aqicn.org/station/@544786/",2026-05-27T00:00:00.000Z,28.46,43.27,36.52,32.71,39.5,4.334,24
544786,"Caloocan Sports Complex, District 1, Philippines","Clarity/dmrbb2026","https://aqicn.org/station/@544786/",2026-05-28T00:00:00.000Z,22.94,43.81,30.95,26.67,34.09,5.737,22
544786,"Caloocan Sports Complex, District 1, Philippines","Clarity/dmrbb2026","https://aqicn.org/station/@544786/",2026-05-29T00:00:00.000Z,13.4,33.08,26.72,17.63,30.8,6.829,24
544786,"Caloocan Sports Complex, District 1, Philippines","Clarity/dmrbb2026","https://aqicn.org/station/@544786/",2026-05-30T00:00:00.000Z,6.07,23.18,18.01,12.91,20.32,4.824,24
544786,"Caloocan Sports Complex, District 1, Philippines","Clarity/dmrbb2026","https://aqicn.org/station/@544786/",2026-05-31T00:00:00.000Z,10.76,23.02,15,13.6,17.85,3.297,24
544786,"Caloocan Sports Complex, District 1, Philippines","Clarity/dmrbb2026","https://aqicn.org/station/@544786/",2026-06-01T00:00:00.000Z,2.83,19.42,9.8,7.89,13.86,4.167,24
544786,"Caloocan Sports Complex, District 1, Philippines","Clarity/dmrbb2026","https://aqicn.org/station/@544786/",2026-06-02T00:00:00.000Z,2.8,26.02,10.47,7.49,13.91,5.718,24
544786,"Caloocan Sports Complex, District 1, Philippines","Clarity/dmrbb2026","https://aqicn.org/station/@544786/",2026-06-03T00:00:00.000Z,4.91,22.73,12.6,9.19,15.51,4.361,24
544786,"Caloocan Sports Complex, District 1, Philippines","Clarity/dmrbb2026","https://aqicn.org/station/@544786/",2026-06-04T00:00:00.000Z,1.85,28.48,8.93,5.49,15.36,6.35,24
544786,"Caloocan Sports Complex, District 1, Philippines","Clarity/dmrbb2026","https://aqicn.org/station/@544786/",2026-06-05T00:00:00.000Z,10.57,29.44,19.32,16.87,22.35,3.918,24
544786,"Caloocan Sports Complex, District 1, Philippines","Clarity/dmrbb2026","https://aqicn.org/station/@544786/",2026-06-06T00:00:00.000Z,4.8,29.07,15.82,10.18,17.29,6.138,23
544786,"Caloocan Sports Complex, District 1, Philippines","Clarity/dmrbb2026","https://aqicn.org/station/@544786/",2026-06-07T00:00:00.000Z,8.14,32.15,20.91,11.95,25.56,7.361,24
544786,"Caloocan Sports Complex, District 1, Philippines","Clarity/dmrbb2026","https://aqicn.org/station/@544786/",2026-06-08T00:00:00.000Z,9.84,38.78,23.42,17.27,29.38,8.227,24
544786,"Caloocan Sports Complex, District 1, Philippines","Clarity/dmrbb2026","https://aqicn.org/station/@544786/",2026-06-09T00:00:00.000Z,8.02,21.02,13.6,10.01,16.43,3.697,24
544786,"Caloocan Sports Complex, District 1, Philippines","Clarity/dmrbb2026","https://aqicn.org/station/@544786/",2026-06-10T00:00:00.000Z,9.78,28,17.07,11.28,22.9,6.024,24
544786,"Caloocan Sports Complex, District 1, Philippines","Clarity/dmrbb2026","https://aqicn.org/station/@544786/",2026-06-11T00:00:00.000Z,10.6,23.13,16.39,15.27,19.92,3.267,24
544786,"Caloocan Sports Complex, District 1, Philippines","Clarity/dmrbb2026","https://aqicn.org/station/@544786/",2026-06-12T00:00:00.000Z,15.91,41.82,26.98,22.89,33.6,7.645,24
544786,"Caloocan Sports Complex, District 1, Philippines","Clarity/dmrbb2026","https://aqicn.org/station/@544786/",2026-06-13T00:00:00.000Z,13.18,68.56,27.77,18.82,34.56,13.198,24
544786,"Caloocan Sports Complex, District 1, Philippines","Clarity/dmrbb2026","https://aqicn.org/station/@544786/",2026-06-14T00:00:00.000Z,22.37,37.26,30.41,26.8,33.99,4.236,24
544786,"Caloocan Sports Complex, District 1, Philippines","Clarity/dmrbb2026","https://aqicn.org/station/@544786/",2026-06-15T00:00:00.000Z,18.6,35.57,24.65,22.6,26.84,4.073,24
544786,"Caloocan Sports Complex, District 1, Philippines","Clarity/dmrbb2026","https://aqicn.org/station/@544786/",2026-06-16T00:00:00.000Z,24.39,66.89,34.9,32.65,43.91,11.734,24
544786,"Caloocan Sports Complex, District 1, Philippines","Clarity/dmrbb2026","https://aqicn.org/station/@544786/",2026-06-17T00:00:00.000Z,10.83,38.51,25.67,17.12,31.21,8.308,24
544786,"Caloocan Sports Complex, District 1, Philippines","Clarity/dmrbb2026","https://aqicn.org/station/@544786/",2026-06-18T00:00:00.000Z,10.4,28.14,16.44,14.28,19.39,4.371,24
544786,"Caloocan Sports Complex, District 1, Philippines","Clarity/dmrbb2026","https://aqicn.org/station/@544786/",2026-06-19T00:00:00.000Z,7.72,45.37,20.04,16.71,23.45,8.269,24
544786,"Caloocan Sports Complex, District 1, Philippines","Clarity/dmrbb2026","https://aqicn.org/station/@544786/",2026-06-20T00:00:00.000Z,10.38,39.38,14.18,13.2,18.07,7.702,24
544786,"Caloocan Sports Complex, District 1, Philippines","Clarity/dmrbb2026","https://aqicn.org/station/@544786/",2026-06-21T00:00:00.000Z,11,25.69,18.94,16.57,20.66,3.643,24
544786,"Caloocan Sports Complex, District 1, Philippines","Clarity/dmrbb2026","https://aqicn.org/station/@544786/",2026-06-22T00:00:00.000Z,20.4,38.48,26.12,23.18,28.53,4.038,24
544786,"Caloocan Sports Complex, District 1, Philippines","Clarity/dmrbb2026","https://aqicn.org/station/@544786/",2026-06-23T00:00:00.000Z,11.73,27.65,14.29,13.47,17.15,3.894,17
