location_name,location_id,sensor_id,utc_timestamp,local_timestamp,pm25_value,parameter,unit
Near Puregold Tayuman,6303935,15922109,2026-04-11T09:00:00Z,2026-04-11T17:00:00+08:00,54.1,PM2.5,µg/m³
Near Puregold Tayuman,6303935,15922109,2026-04-11T10:00:00Z,2026-04-11T18:00:00+08:00,49.7,PM2.5,µg/m³
Near Puregold Tayuman,6303935,15922109,2026-04-11T11:00:00Z,2026-04-11T19:00:00+08:00,50.2,PM2.5,µg/m³
Near Puregold Tayuman,6303935,15922109,2026-04-11T15:00:00Z,2026-04-11T23:00:00+08:00,16.5,PM2.5,µg/m³
Near Puregold Tayuman,6303935,15922109,2026-04-11T16:00:00Z,2026-04-12T00:00:00+08:00,17.2,PM2.5,µg/m³
Near Puregold Tayuman,6303935,15922109,2026-04-11T17:00:00Z,2026-04-12T01:00:00+08:00,20.0,PM2.5,µg/m³
Near Puregold Tayuman,6303935,15922109,2026-04-11T19:00:00Z,2026-04-12T03:00:00+08:00,13.6,PM2.5,µg/m³
Near Puregold Tayuman,6303935,15922109,2026-04-11T20:00:00Z,2026-04-12T04:00:00+08:00,13.0,PM2.5,µg/m³
Near Puregold Tayuman,6303935,15922109,2026-04-11T21:00:00Z,2026-04-12T05:00:00+08:00,13.1,PM2.5,µg/m³
Near Puregold Tayuman,6303935,15922109,2026-04-12T02:00:00Z,2026-04-12T10:00:00+08:00,32.6,PM2.5,µg/m³
Near Puregold Tayuman,6303935,15922109,2026-04-12T03:00:00Z,2026-04-12T11:00:00+08:00,33.9,PM2.5,µg/m³
Near Puregold Tayuman,6303935,15922109,2026-04-12T05:00:00Z,2026-04-12T13:00:00+08:00,47.2,PM2.5,µg/m³
Near Puregold Tayuman,6303935,15922109,2026-04-12T06:00:00Z,2026-04-12T14:00:00+08:00,44.3,PM2.5,µg/m³
Near Puregold Tayuman,6303935,15922109,2026-04-12T07:00:00Z,2026-04-12T15:00:00+08:00,41.8,PM2.5,µg/m³
Near Puregold Tayuman,6303935,15922109,2026-04-12T08:00:00Z,2026-04-12T16:00:00+08:00,39.3,PM2.5,µg/m³
Near Puregold Tayuman,6303935,15922109,2026-04-12T11:00:00Z,2026-04-12T19:00:00+08:00,22.3,PM2.5,µg/m³
Near Puregold Tayuman,6303935,15922109,2026-04-12T12:00:00Z,2026-04-12T20:00:00+08:00,21.4,PM2.5,µg/m³
Near Puregold Tayuman,6303935,15922109,2026-04-12T17:00:00Z,2026-04-13T01:00:00+08:00,16.6,PM2.5,µg/m³
Near Puregold Tayuman,6303935,15922109,2026-04-12T18:00:00Z,2026-04-13T02:00:00+08:00,16.3,PM2.5,µg/m³
Near Puregold Tayuman,6303935,15922109,2026-04-12T19:00:00Z,2026-04-13T03:00:00+08:00,15.5,PM2.5,µg/m³
Near Puregold Tayuman,6303935,15922109,2026-04-12T20:00:00Z,2026-04-13T04:00:00+08:00,11.0,PM2.5,µg/m³
Near Puregold Tayuman,6303935,15922109,2026-04-12T21:00:00Z,2026-04-13T05:00:00+08:00,12.5,PM2.5,µg/m³
Near Puregold Tayuman,6303935,15922109,2026-04-12T22:00:00Z,2026-04-13T06:00:00+08:00,15.4,PM2.5,µg/m³
Near Puregold Tayuman,6303935,15922109,2026-04-13T00:00:00Z,2026-04-13T08:00:00+08:00,24.8,PM2.5,µg/m³
Near Puregold Tayuman,6303935,15922109,2026-04-13T01:00:00Z,2026-04-13T09:00:00+08:00,27.9,PM2.5,µg/m³
Near Puregold Tayuman,6303935,15922109,2026-04-13T02:00:00Z,2026-04-13T10:00:00+08:00,33.1,PM2.5,µg/m³
Near Puregold Tayuman,6303935,15922109,2026-04-13T03:00:00Z,2026-04-13T11:00:00+08:00,31.3,PM2.5,µg/m³
Near Puregold Tayuman,6303935,15922109,2026-04-13T04:00:00Z,2026-04-13T12:00:00+08:00,27.3,PM2.5,µg/m³
Near Puregold Tayuman,6303935,15922109,2026-04-13T14:00:00Z,2026-04-13T22:00:00+08:00,16.7,PM2.5,µg/m³
Near Puregold Tayuman,6303935,15922109,2026-04-13T15:00:00Z,2026-04-13T23:00:00+08:00,13.3,PM2.5,µg/m³
Near Puregold Tayuman,6303935,15922109,2026-04-13T16:00:00Z,2026-04-14T00:00:00+08:00,14.9,PM2.5,µg/m³
Near Puregold Tayuman,6303935,15922109,2026-04-13T21:00:00Z,2026-04-14T05:00:00+08:00,23.1,PM2.5,µg/m³
Near Puregold Tayuman,6303935,15922109,2026-04-13T22:00:00Z,2026-04-14T06:00:00+08:00,16.2,PM2.5,µg/m³
Near Puregold Tayuman,6303935,15922109,2026-04-14T03:00:00Z,2026-04-14T11:00:00+08:00,25.8,PM2.5,µg/m³
Near Puregold Tayuman,6303935,15922109,2026-04-14T04:00:00Z,2026-04-14T12:00:00+08:00,30.6,PM2.5,µg/m³
Near Puregold Tayuman,6303935,15922109,2026-04-14T08:00:00Z,2026-04-14T16:00:00+08:00,21.1,PM2.5,µg/m³
Near Puregold Tayuman,6303935,15922109,2026-04-14T09:00:00Z,2026-04-14T17:00:00+08:00,22.1,PM2.5,µg/m³
Near Puregold Tayuman,6303935,15922109,2026-04-14T11:00:00Z,2026-04-14T19:00:00+08:00,20.0,PM2.5,µg/m³
Near Puregold Tayuman,6303935,15922109,2026-04-14T12:00:00Z,2026-04-14T20:00:00+08:00,23.1,PM2.5,µg/m³
Near Puregold Tayuman,6303935,15922109,2026-04-14T13:00:00Z,2026-04-14T21:00:00+08:00,24.5,PM2.5,µg/m³
Near Puregold Tayuman,6303935,15922109,2026-04-14T14:00:00Z,2026-04-14T22:00:00+08:00,23.0,PM2.5,µg/m³
Near Puregold Tayuman,6303935,15922109,2026-04-14T15:00:00Z,2026-04-14T23:00:00+08:00,21.5,PM2.5,µg/m³
Near Puregold Tayuman,6303935,15922109,2026-04-14T16:00:00Z,2026-04-15T00:00:00+08:00,19.9,PM2.5,µg/m³
Near Puregold Tayuman,6303935,15922109,2026-04-14T17:00:00Z,2026-04-15T01:00:00+08:00,18.3,PM2.5,µg/m³
Near Puregold Tayuman,6303935,15922109,2026-04-14T20:00:00Z,2026-04-15T04:00:00+08:00,17.7,PM2.5,µg/m³
Near Puregold Tayuman,6303935,15922109,2026-04-14T21:00:00Z,2026-04-15T05:00:00+08:00,18.8,PM2.5,µg/m³
Near Puregold Tayuman,6303935,15922109,2026-04-14T22:00:00Z,2026-04-15T06:00:00+08:00,23.6,PM2.5,µg/m³
Near Puregold Tayuman,6303935,15922109,2026-04-15T05:00:00Z,2026-04-15T13:00:00+08:00,19.2,PM2.5,µg/m³
Near Puregold Tayuman,6303935,15922109,2026-04-15T06:00:00Z,2026-04-15T14:00:00+08:00,15.2,PM2.5,µg/m³
Near Puregold Tayuman,6303935,15922109,2026-04-15T09:00:00Z,2026-04-15T17:00:00+08:00,19.7,PM2.5,µg/m³
Near Puregold Tayuman,6303935,15922109,2026-04-15T10:00:00Z,2026-04-15T18:00:00+08:00,23.9,PM2.5,µg/m³
Near Puregold Tayuman,6303935,15922109,2026-04-15T11:00:00Z,2026-04-15T19:00:00+08:00,28.0,PM2.5,µg/m³
Near Puregold Tayuman,6303935,15922109,2026-04-15T12:00:00Z,2026-04-15T20:00:00+08:00,23.9,PM2.5,µg/m³
Near Puregold Tayuman,6303935,15922109,2026-04-15T13:00:00Z,2026-04-15T21:00:00+08:00,24.4,PM2.5,µg/m³
Near Puregold Tayuman,6303935,15922109,2026-04-15T14:00:00Z,2026-04-15T22:00:00+08:00,22.8,PM2.5,µg/m³
Near Puregold Tayuman,6303935,15922109,2026-04-15T15:00:00Z,2026-04-15T23:00:00+08:00,13.5,PM2.5,µg/m³
Near Puregold Tayuman,6303935,15922109,2026-04-15T16:00:00Z,2026-04-16T00:00:00+08:00,16.8,PM2.5,µg/m³
Near Puregold Tayuman,6303935,15922109,2026-04-15T18:00:00Z,2026-04-16T02:00:00+08:00,27.8,PM2.5,µg/m³
Near Puregold Tayuman,6303935,15922109,2026-04-15T19:00:00Z,2026-04-16T03:00:00+08:00,25.2,PM2.5,µg/m³
Near Puregold Tayuman,6303935,15922109,2026-04-15T20:00:00Z,2026-04-16T04:00:00+08:00,23.7,PM2.5,µg/m³
Near Puregold Tayuman,6303935,15922109,2026-04-15T23:00:00Z,2026-04-16T07:00:00+08:00,38.5,PM2.5,µg/m³
Near Puregold Tayuman,6303935,15922109,2026-04-16T00:00:00Z,2026-04-16T08:00:00+08:00,39.2,PM2.5,µg/m³
Near Puregold Tayuman,6303935,15922109,2026-04-16T01:00:00Z,2026-04-16T09:00:00+08:00,31.4,PM2.5,µg/m³
Near Puregold Tayuman,6303935,15922109,2026-04-16T02:00:00Z,2026-04-16T10:00:00+08:00,32.0,PM2.5,µg/m³
Near Puregold Tayuman,6303935,15922109,2026-04-16T03:00:00Z,2026-04-16T11:00:00+08:00,28.2,PM2.5,µg/m³
Near Puregold Tayuman,6303935,15922109,2026-04-16T04:00:00Z,2026-04-16T12:00:00+08:00,27.4,PM2.5,µg/m³
Near Puregold Tayuman,6303935,15922109,2026-04-16T05:00:00Z,2026-04-16T13:00:00+08:00,27.3,PM2.5,µg/m³
Near Puregold Tayuman,6303935,15922109,2026-04-16T06:00:00Z,2026-04-16T14:00:00+08:00,26.4,PM2.5,µg/m³
Near Puregold Tayuman,6303935,15922109,2026-04-16T07:00:00Z,2026-04-16T15:00:00+08:00,27.3,PM2.5,µg/m³
Near Puregold Tayuman,6303935,15922109,2026-04-16T09:00:00Z,2026-04-16T17:00:00+08:00,36.2,PM2.5,µg/m³
Near Puregold Tayuman,6303935,15922109,2026-04-16T11:00:00Z,2026-04-16T19:00:00+08:00,35.3,PM2.5,µg/m³
Near Puregold Tayuman,6303935,15922109,2026-04-16T12:00:00Z,2026-04-16T20:00:00+08:00,32.7,PM2.5,µg/m³
Near Puregold Tayuman,6303935,15922109,2026-04-16T14:00:00Z,2026-04-16T22:00:00+08:00,45.0,PM2.5,µg/m³
Near Puregold Tayuman,6303935,15922109,2026-04-16T15:00:00Z,2026-04-16T23:00:00+08:00,35.8,PM2.5,µg/m³
Near Puregold Tayuman,6303935,15922109,2026-04-16T16:00:00Z,2026-04-17T00:00:00+08:00,35.2,PM2.5,µg/m³
Near Puregold Tayuman,6303935,15922109,2026-04-16T17:00:00Z,2026-04-17T01:00:00+08:00,25.9,PM2.5,µg/m³
Near Puregold Tayuman,6303935,15922109,2026-04-16T18:00:00Z,2026-04-17T02:00:00+08:00,26.3,PM2.5,µg/m³
Near Puregold Tayuman,6303935,15922109,2026-04-17T01:00:00Z,2026-04-17T09:00:00+08:00,47.1,PM2.5,µg/m³
Near Puregold Tayuman,6303935,15922109,2026-04-17T02:00:00Z,2026-04-17T10:00:00+08:00,47.4,PM2.5,µg/m³
Near Puregold Tayuman,6303935,15922109,2026-04-17T03:00:00Z,2026-04-17T11:00:00+08:00,55.7,PM2.5,µg/m³
Near Puregold Tayuman,6303935,15922109,2026-04-17T12:00:00Z,2026-04-17T20:00:00+08:00,66.6,PM2.5,µg/m³
Near Puregold Tayuman,6303935,15922109,2026-04-17T13:00:00Z,2026-04-17T21:00:00+08:00,73.2,PM2.5,µg/m³
Near Puregold Tayuman,6303935,15922109,2026-04-17T14:00:00Z,2026-04-17T22:00:00+08:00,73.7,PM2.5,µg/m³
Near Puregold Tayuman,6303935,15922109,2026-04-17T15:00:00Z,2026-04-17T23:00:00+08:00,57.1,PM2.5,µg/m³
Near Puregold Tayuman,6303935,15922109,2026-04-17T16:00:00Z,2026-04-18T00:00:00+08:00,54.4,PM2.5,µg/m³
Near Puregold Tayuman,6303935,15922109,2026-04-17T19:00:00Z,2026-04-18T03:00:00+08:00,53.5,PM2.5,µg/m³
Near Puregold Tayuman,6303935,15922109,2026-04-17T20:00:00Z,2026-04-18T04:00:00+08:00,68.0,PM2.5,µg/m³
Near Puregold Tayuman,6303935,15922109,2026-04-17T22:00:00Z,2026-04-18T06:00:00+08:00,32.1,PM2.5,µg/m³
Near Puregold Tayuman,6303935,15922109,2026-04-17T23:00:00Z,2026-04-18T07:00:00+08:00,30.7,PM2.5,µg/m³
Near Puregold Tayuman,6303935,15922109,2026-04-18T01:00:00Z,2026-04-18T09:00:00+08:00,37.5,PM2.5,µg/m³
Near Puregold Tayuman,6303935,15922109,2026-04-18T04:00:00Z,2026-04-18T12:00:00+08:00,52.4,PM2.5,µg/m³
Near Puregold Tayuman,6303935,15922109,2026-04-18T05:00:00Z,2026-04-18T13:00:00+08:00,43.8,PM2.5,µg/m³
Near Puregold Tayuman,6303935,15922109,2026-04-18T06:00:00Z,2026-04-18T14:00:00+08:00,45.0,PM2.5,µg/m³
Near Puregold Tayuman,6303935,15922109,2026-04-18T07:00:00Z,2026-04-18T15:00:00+08:00,40.3,PM2.5,µg/m³
Near Puregold Tayuman,6303935,15922109,2026-04-18T08:00:00Z,2026-04-18T16:00:00+08:00,40.3,PM2.5,µg/m³
Near Puregold Tayuman,6303935,15922109,2026-04-18T09:00:00Z,2026-04-18T17:00:00+08:00,45.2,PM2.5,µg/m³
Near Puregold Tayuman,6303935,15922109,2026-04-18T10:00:00Z,2026-04-18T18:00:00+08:00,41.4,PM2.5,µg/m³
Near Puregold Tayuman,6303935,15922109,2026-04-18T11:00:00Z,2026-04-18T19:00:00+08:00,80.1,PM2.5,µg/m³
Near Puregold Tayuman,6303935,15922109,2026-04-18T12:00:00Z,2026-04-18T20:00:00+08:00,80.7,PM2.5,µg/m³
Near Puregold Tayuman,6303935,15922109,2026-04-18T13:00:00Z,2026-04-18T21:00:00+08:00,76.7,PM2.5,µg/m³
Near Puregold Tayuman,6303935,15922109,2026-04-18T14:00:00Z,2026-04-18T22:00:00+08:00,69.0,PM2.5,µg/m³
Near Puregold Tayuman,6303935,15922109,2026-04-18T16:00:00Z,2026-04-19T00:00:00+08:00,33.9,PM2.5,µg/m³
Near Puregold Tayuman,6303935,15922109,2026-04-18T17:00:00Z,2026-04-19T01:00:00+08:00,26.8,PM2.5,µg/m³
Near Puregold Tayuman,6303935,15922109,2026-04-18T19:00:00Z,2026-04-19T03:00:00+08:00,24.2,PM2.5,µg/m³
Near Puregold Tayuman,6303935,15922109,2026-04-18T20:00:00Z,2026-04-19T04:00:00+08:00,23.7,PM2.5,µg/m³
Near Puregold Tayuman,6303935,15922109,2026-04-18T21:00:00Z,2026-04-19T05:00:00+08:00,27.3,PM2.5,µg/m³
Near Puregold Tayuman,6303935,15922109,2026-04-18T22:00:00Z,2026-04-19T06:00:00+08:00,27.7,PM2.5,µg/m³
Near Puregold Tayuman,6303935,15922109,2026-04-18T23:00:00Z,2026-04-19T07:00:00+08:00,34.7,PM2.5,µg/m³
Near Puregold Tayuman,6303935,15922109,2026-04-19T02:00:00Z,2026-04-19T10:00:00+08:00,40.8,PM2.5,µg/m³
Near Puregold Tayuman,6303935,15922109,2026-04-19T03:00:00Z,2026-04-19T11:00:00+08:00,35.8,PM2.5,µg/m³
Near Puregold Tayuman,6303935,15922109,2026-04-19T04:00:00Z,2026-04-19T12:00:00+08:00,33.3,PM2.5,µg/m³
Near Puregold Tayuman,6303935,15922109,2026-04-19T05:00:00Z,2026-04-19T13:00:00+08:00,31.6,PM2.5,µg/m³
Near Puregold Tayuman,6303935,15922109,2026-04-19T07:00:00Z,2026-04-19T15:00:00+08:00,33.7,PM2.5,µg/m³
Near Puregold Tayuman,6303935,15922109,2026-04-19T08:00:00Z,2026-04-19T16:00:00+08:00,32.3,PM2.5,µg/m³
Near Puregold Tayuman,6303935,15922109,2026-04-19T09:00:00Z,2026-04-19T17:00:00+08:00,36.8,PM2.5,µg/m³
Near Puregold Tayuman,6303935,15922109,2026-04-19T10:00:00Z,2026-04-19T18:00:00+08:00,40.3,PM2.5,µg/m³
Near Puregold Tayuman,6303935,15922109,2026-04-19T12:00:00Z,2026-04-19T20:00:00+08:00,52.2,PM2.5,µg/m³
Near Puregold Tayuman,6303935,15922109,2026-04-19T13:00:00Z,2026-04-19T21:00:00+08:00,66.7,PM2.5,µg/m³
Near Puregold Tayuman,6303935,15922109,2026-04-19T14:00:00Z,2026-04-19T22:00:00+08:00,58.2,PM2.5,µg/m³
Near Puregold Tayuman,6303935,15922109,2026-04-19T15:00:00Z,2026-04-19T23:00:00+08:00,47.5,PM2.5,µg/m³
Near Puregold Tayuman,6303935,15922109,2026-04-19T16:00:00Z,2026-04-20T00:00:00+08:00,33.1,PM2.5,µg/m³
Near Puregold Tayuman,6303935,15922109,2026-04-19T17:00:00Z,2026-04-20T01:00:00+08:00,29.1,PM2.5,µg/m³
Near Puregold Tayuman,6303935,15922109,2026-04-19T18:00:00Z,2026-04-20T02:00:00+08:00,26.8,PM2.5,µg/m³
Near Puregold Tayuman,6303935,15922109,2026-04-19T19:00:00Z,2026-04-20T03:00:00+08:00,25.0,PM2.5,µg/m³
Near Puregold Tayuman,6303935,15922109,2026-04-19T21:00:00Z,2026-04-20T05:00:00+08:00,38.7,PM2.5,µg/m³
Near Puregold Tayuman,6303935,15922109,2026-04-19T22:00:00Z,2026-04-20T06:00:00+08:00,38.8,PM2.5,µg/m³
Near Puregold Tayuman,6303935,15922109,2026-04-20T00:00:00Z,2026-04-20T08:00:00+08:00,42.3,PM2.5,µg/m³
Near Puregold Tayuman,6303935,15922109,2026-04-20T01:00:00Z,2026-04-20T09:00:00+08:00,60.3,PM2.5,µg/m³
Near Puregold Tayuman,6303935,15922109,2026-04-20T08:00:00Z,2026-04-20T16:00:00+08:00,37.9,PM2.5,µg/m³
Near Puregold Tayuman,6303935,15922109,2026-04-20T09:00:00Z,2026-04-20T17:00:00+08:00,33.0,PM2.5,µg/m³
Near Puregold Tayuman,6303935,15922109,2026-04-20T10:00:00Z,2026-04-20T18:00:00+08:00,34.5,PM2.5,µg/m³
Near Puregold Tayuman,6303935,15922109,2026-04-20T11:00:00Z,2026-04-20T19:00:00+08:00,37.5,PM2.5,µg/m³
Near Puregold Tayuman,6303935,15922109,2026-04-20T21:00:00Z,2026-04-21T05:00:00+08:00,31.3,PM2.5,µg/m³
Near Puregold Tayuman,6303935,15922109,2026-04-20T22:00:00Z,2026-04-21T06:00:00+08:00,37.7,PM2.5,µg/m³
Near Puregold Tayuman,6303935,15922109,2026-04-21T09:00:00Z,2026-04-21T17:00:00+08:00,29.2,PM2.5,µg/m³
Near Puregold Tayuman,6303935,15922109,2026-04-21T10:00:00Z,2026-04-21T18:00:00+08:00,29.3,PM2.5,µg/m³
Near Puregold Tayuman,6303935,15922109,2026-04-21T11:00:00Z,2026-04-21T19:00:00+08:00,30.5,PM2.5,µg/m³
Near Puregold Tayuman,6303935,15922109,2026-04-21T13:00:00Z,2026-04-21T21:00:00+08:00,24.2,PM2.5,µg/m³
Near Puregold Tayuman,6303935,15922109,2026-04-21T14:00:00Z,2026-04-21T22:00:00+08:00,25.9,PM2.5,µg/m³
Near Puregold Tayuman,6303935,15922109,2026-04-21T15:00:00Z,2026-04-21T23:00:00+08:00,23.4,PM2.5,µg/m³
Near Puregold Tayuman,6303935,15922109,2026-04-21T16:00:00Z,2026-04-22T00:00:00+08:00,22.2,PM2.5,µg/m³
Near Puregold Tayuman,6303935,15922109,2026-04-21T17:00:00Z,2026-04-22T01:00:00+08:00,21.0,PM2.5,µg/m³
Near Puregold Tayuman,6303935,15922109,2026-04-21T19:00:00Z,2026-04-22T03:00:00+08:00,26.2,PM2.5,µg/m³
Near Puregold Tayuman,6303935,15922109,2026-04-21T20:00:00Z,2026-04-22T04:00:00+08:00,36.8,PM2.5,µg/m³
Near Puregold Tayuman,6303935,15922109,2026-04-21T22:00:00Z,2026-04-22T06:00:00+08:00,30.9,PM2.5,µg/m³
Near Puregold Tayuman,6303935,15922109,2026-04-21T23:00:00Z,2026-04-22T07:00:00+08:00,31.2,PM2.5,µg/m³
Near Puregold Tayuman,6303935,15922109,2026-04-22T01:00:00Z,2026-04-22T09:00:00+08:00,32.4,PM2.5,µg/m³
Near Puregold Tayuman,6303935,15922109,2026-04-22T02:00:00Z,2026-04-22T10:00:00+08:00,32.1,PM2.5,µg/m³
Near Puregold Tayuman,6303935,15922109,2026-04-22T03:00:00Z,2026-04-22T11:00:00+08:00,33.1,PM2.5,µg/m³
Near Puregold Tayuman,6303935,15922109,2026-04-22T04:00:00Z,2026-04-22T12:00:00+08:00,38.0,PM2.5,µg/m³
Near Puregold Tayuman,6303935,15922109,2026-04-22T06:00:00Z,2026-04-22T14:00:00+08:00,27.3,PM2.5,µg/m³
Near Puregold Tayuman,6303935,15922109,2026-04-22T07:00:00Z,2026-04-22T15:00:00+08:00,30.4,PM2.5,µg/m³
Near Puregold Tayuman,6303935,15922109,2026-04-22T08:00:00Z,2026-04-22T16:00:00+08:00,30.8,PM2.5,µg/m³
Near Puregold Tayuman,6303935,15922109,2026-04-22T09:00:00Z,2026-04-22T17:00:00+08:00,31.8,PM2.5,µg/m³
Near Puregold Tayuman,6303935,15922109,2026-04-22T12:00:00Z,2026-04-22T20:00:00+08:00,30.1,PM2.5,µg/m³
Near Puregold Tayuman,6303935,15922109,2026-04-22T13:00:00Z,2026-04-22T21:00:00+08:00,31.3,PM2.5,µg/m³
Near Puregold Tayuman,6303935,15922109,2026-04-22T15:00:00Z,2026-04-22T23:00:00+08:00,26.1,PM2.5,µg/m³
Near Puregold Tayuman,6303935,15922109,2026-04-22T16:00:00Z,2026-04-23T00:00:00+08:00,24.2,PM2.5,µg/m³
Near Puregold Tayuman,6303935,15922109,2026-04-22T17:00:00Z,2026-04-23T01:00:00+08:00,24.4,PM2.5,µg/m³
Near Puregold Tayuman,6303935,15922109,2026-04-22T18:00:00Z,2026-04-23T02:00:00+08:00,29.4,PM2.5,µg/m³
Near Puregold Tayuman,6303935,15922109,2026-04-22T19:00:00Z,2026-04-23T03:00:00+08:00,29.8,PM2.5,µg/m³
Near Puregold Tayuman,6303935,15922109,2026-04-23T00:00:00Z,2026-04-23T08:00:00+08:00,31.8,PM2.5,µg/m³
Near Puregold Tayuman,6303935,15922109,2026-04-23T01:00:00Z,2026-04-23T09:00:00+08:00,35.7,PM2.5,µg/m³
Near Puregold Tayuman,6303935,15922109,2026-04-23T07:00:00Z,2026-04-23T15:00:00+08:00,29.0,PM2.5,µg/m³
Near Puregold Tayuman,6303935,15922109,2026-04-23T08:00:00Z,2026-04-23T16:00:00+08:00,22.1,PM2.5,µg/m³
Near Puregold Tayuman,6303935,15922109,2026-04-23T10:00:00Z,2026-04-23T18:00:00+08:00,29.4,PM2.5,µg/m³
Near Puregold Tayuman,6303935,15922109,2026-04-23T11:00:00Z,2026-04-23T19:00:00+08:00,30.2,PM2.5,µg/m³
Near Puregold Tayuman,6303935,15922109,2026-04-23T15:00:00Z,2026-04-23T23:00:00+08:00,24.3,PM2.5,µg/m³
Near Puregold Tayuman,6303935,15922109,2026-04-23T16:00:00Z,2026-04-24T00:00:00+08:00,22.3,PM2.5,µg/m³
Near Puregold Tayuman,6303935,15922109,2026-04-23T17:00:00Z,2026-04-24T01:00:00+08:00,24.3,PM2.5,µg/m³
Near Puregold Tayuman,6303935,15922109,2026-04-23T20:00:00Z,2026-04-24T04:00:00+08:00,30.8,PM2.5,µg/m³
Near Puregold Tayuman,6303935,15922109,2026-04-23T21:00:00Z,2026-04-24T05:00:00+08:00,30.1,PM2.5,µg/m³
Near Puregold Tayuman,6303935,15922109,2026-04-23T22:00:00Z,2026-04-24T06:00:00+08:00,36.8,PM2.5,µg/m³
Near Puregold Tayuman,6303935,15922109,2026-04-23T23:00:00Z,2026-04-24T07:00:00+08:00,46.3,PM2.5,µg/m³
Near Puregold Tayuman,6303935,15922109,2026-04-24T05:00:00Z,2026-04-24T13:00:00+08:00,31.0,PM2.5,µg/m³
Near Puregold Tayuman,6303935,15922109,2026-04-24T06:00:00Z,2026-04-24T14:00:00+08:00,28.4,PM2.5,µg/m³
Near Puregold Tayuman,6303935,15922109,2026-04-24T07:00:00Z,2026-04-24T15:00:00+08:00,31.1,PM2.5,µg/m³
Near Puregold Tayuman,6303935,15922109,2026-04-24T12:00:00Z,2026-04-24T20:00:00+08:00,28.8,PM2.5,µg/m³
Near Puregold Tayuman,6303935,15922109,2026-04-24T13:00:00Z,2026-04-24T21:00:00+08:00,30.1,PM2.5,µg/m³
Near Puregold Tayuman,6303935,15922109,2026-04-24T14:00:00Z,2026-04-24T22:00:00+08:00,21.9,PM2.5,µg/m³
Near Puregold Tayuman,6303935,15922109,2026-04-24T16:00:00Z,2026-04-25T00:00:00+08:00,30.6,PM2.5,µg/m³
Near Puregold Tayuman,6303935,15922109,2026-04-24T17:00:00Z,2026-04-25T01:00:00+08:00,35.4,PM2.5,µg/m³
Near Puregold Tayuman,6303935,15922109,2026-04-24T20:00:00Z,2026-04-25T04:00:00+08:00,30.5,PM2.5,µg/m³
Near Puregold Tayuman,6303935,15922109,2026-04-24T21:00:00Z,2026-04-25T05:00:00+08:00,29.4,PM2.5,µg/m³
Near Puregold Tayuman,6303935,15922109,2026-04-24T23:00:00Z,2026-04-25T07:00:00+08:00,33.1,PM2.5,µg/m³
Near Puregold Tayuman,6303935,15922109,2026-04-25T00:00:00Z,2026-04-25T08:00:00+08:00,39.4,PM2.5,µg/m³
Near Puregold Tayuman,6303935,15922109,2026-04-25T01:00:00Z,2026-04-25T09:00:00+08:00,33.2,PM2.5,µg/m³
Near Puregold Tayuman,6303935,15922109,2026-04-25T02:00:00Z,2026-04-25T10:00:00+08:00,30.6,PM2.5,µg/m³
Near Puregold Tayuman,6303935,15922109,2026-04-25T03:00:00Z,2026-04-25T11:00:00+08:00,29.5,PM2.5,µg/m³
Near Puregold Tayuman,6303935,15922109,2026-04-25T04:00:00Z,2026-04-25T12:00:00+08:00,28.3,PM2.5,µg/m³
Near Puregold Tayuman,6303935,15922109,2026-04-25T05:00:00Z,2026-04-25T13:00:00+08:00,27.8,PM2.5,µg/m³
Near Puregold Tayuman,6303935,15922109,2026-04-25T06:00:00Z,2026-04-25T14:00:00+08:00,26.8,PM2.5,µg/m³
Near Puregold Tayuman,6303935,15922109,2026-04-25T07:00:00Z,2026-04-25T15:00:00+08:00,21.4,PM2.5,µg/m³
Near Puregold Tayuman,6303935,15922109,2026-04-25T08:00:00Z,2026-04-25T16:00:00+08:00,17.1,PM2.5,µg/m³
Near Puregold Tayuman,6303935,15922109,2026-04-25T09:00:00Z,2026-04-25T17:00:00+08:00,16.4,PM2.5,µg/m³
Near Puregold Tayuman,6303935,15922109,2026-04-25T10:00:00Z,2026-04-25T18:00:00+08:00,25.1,PM2.5,µg/m³
Near Puregold Tayuman,6303935,15922109,2026-04-25T11:00:00Z,2026-04-25T19:00:00+08:00,21.2,PM2.5,µg/m³
Near Puregold Tayuman,6303935,15922109,2026-04-25T13:00:00Z,2026-04-25T21:00:00+08:00,23.5,PM2.5,µg/m³
Near Puregold Tayuman,6303935,15922109,2026-04-25T14:00:00Z,2026-04-25T22:00:00+08:00,20.0,PM2.5,µg/m³
Near Puregold Tayuman,6303935,15922109,2026-04-25T15:00:00Z,2026-04-25T23:00:00+08:00,22.8,PM2.5,µg/m³
Near Puregold Tayuman,6303935,15922109,2026-04-25T16:00:00Z,2026-04-26T00:00:00+08:00,35.3,PM2.5,µg/m³
Near Puregold Tayuman,6303935,15922109,2026-04-25T17:00:00Z,2026-04-26T01:00:00+08:00,19.7,PM2.5,µg/m³
Near Puregold Tayuman,6303935,15922109,2026-04-25T18:00:00Z,2026-04-26T02:00:00+08:00,18.2,PM2.5,µg/m³
Near Puregold Tayuman,6303935,15922109,2026-04-25T19:00:00Z,2026-04-26T03:00:00+08:00,12.9,PM2.5,µg/m³
Near Puregold Tayuman,6303935,15922109,2026-04-25T20:00:00Z,2026-04-26T04:00:00+08:00,17.3,PM2.5,µg/m³
Near Puregold Tayuman,6303935,15922109,2026-04-25T21:00:00Z,2026-04-26T05:00:00+08:00,16.2,PM2.5,µg/m³
Near Puregold Tayuman,6303935,15922109,2026-04-25T22:00:00Z,2026-04-26T06:00:00+08:00,24.2,PM2.5,µg/m³
Near Puregold Tayuman,6303935,15922109,2026-04-25T23:00:00Z,2026-04-26T07:00:00+08:00,30.4,PM2.5,µg/m³
Near Puregold Tayuman,6303935,15922109,2026-04-26T00:00:00Z,2026-04-26T08:00:00+08:00,29.7,PM2.5,µg/m³
Near Puregold Tayuman,6303935,15922109,2026-04-26T01:00:00Z,2026-04-26T09:00:00+08:00,34.8,PM2.5,µg/m³
Near Puregold Tayuman,6303935,15922109,2026-04-26T02:00:00Z,2026-04-26T10:00:00+08:00,37.3,PM2.5,µg/m³
Near Puregold Tayuman,6303935,15922109,2026-04-26T05:00:00Z,2026-04-26T13:00:00+08:00,20.9,PM2.5,µg/m³
Near Puregold Tayuman,6303935,15922109,2026-04-26T06:00:00Z,2026-04-26T14:00:00+08:00,17.8,PM2.5,µg/m³
Near Puregold Tayuman,6303935,15922109,2026-04-26T07:00:00Z,2026-04-26T15:00:00+08:00,13.8,PM2.5,µg/m³
Near Puregold Tayuman,6303935,15922109,2026-04-26T09:00:00Z,2026-04-26T17:00:00+08:00,12.3,PM2.5,µg/m³
Near Puregold Tayuman,6303935,15922109,2026-04-26T10:00:00Z,2026-04-26T18:00:00+08:00,13.8,PM2.5,µg/m³
Near Puregold Tayuman,6303935,15922109,2026-04-26T11:00:00Z,2026-04-26T19:00:00+08:00,13.4,PM2.5,µg/m³
Near Puregold Tayuman,6303935,15922109,2026-04-26T12:00:00Z,2026-04-26T20:00:00+08:00,19.3,PM2.5,µg/m³
Near Puregold Tayuman,6303935,15922109,2026-04-26T13:00:00Z,2026-04-26T21:00:00+08:00,30.1,PM2.5,µg/m³
Near Puregold Tayuman,6303935,15922109,2026-04-26T14:00:00Z,2026-04-26T22:00:00+08:00,23.9,PM2.5,µg/m³
Near Puregold Tayuman,6303935,15922109,2026-04-26T15:00:00Z,2026-04-26T23:00:00+08:00,25.6,PM2.5,µg/m³
Near Puregold Tayuman,6303935,15922109,2026-04-26T16:00:00Z,2026-04-27T00:00:00+08:00,28.8,PM2.5,µg/m³
Near Puregold Tayuman,6303935,15922109,2026-04-26T20:00:00Z,2026-04-27T04:00:00+08:00,29.7,PM2.5,µg/m³
Near Puregold Tayuman,6303935,15922109,2026-04-26T21:00:00Z,2026-04-27T05:00:00+08:00,28.5,PM2.5,µg/m³
Near Puregold Tayuman,6303935,15922109,2026-04-26T22:00:00Z,2026-04-27T06:00:00+08:00,26.7,PM2.5,µg/m³
Near Puregold Tayuman,6303935,15922109,2026-04-26T23:00:00Z,2026-04-27T07:00:00+08:00,44.4,PM2.5,µg/m³
Near Puregold Tayuman,6303935,15922109,2026-04-27T00:00:00Z,2026-04-27T08:00:00+08:00,47.0,PM2.5,µg/m³
Near Puregold Tayuman,6303935,15922109,2026-04-27T01:00:00Z,2026-04-27T09:00:00+08:00,45.9,PM2.5,µg/m³
Near Puregold Tayuman,6303935,15922109,2026-04-27T02:00:00Z,2026-04-27T10:00:00+08:00,40.9,PM2.5,µg/m³
Near Puregold Tayuman,6303935,15922109,2026-04-27T03:00:00Z,2026-04-27T11:00:00+08:00,31.1,PM2.5,µg/m³
Near Puregold Tayuman,6303935,15922109,2026-04-27T04:00:00Z,2026-04-27T12:00:00+08:00,28.0,PM2.5,µg/m³
Near Puregold Tayuman,6303935,15922109,2026-04-27T05:00:00Z,2026-04-27T13:00:00+08:00,28.9,PM2.5,µg/m³
Near Puregold Tayuman,6303935,15922109,2026-04-27T06:00:00Z,2026-04-27T14:00:00+08:00,20.6,PM2.5,µg/m³
Near Puregold Tayuman,6303935,15922109,2026-04-27T07:00:00Z,2026-04-27T15:00:00+08:00,17.7,PM2.5,µg/m³
Near Puregold Tayuman,6303935,15922109,2026-04-27T08:00:00Z,2026-04-27T16:00:00+08:00,17.8,PM2.5,µg/m³
Near Puregold Tayuman,6303935,15922109,2026-04-27T09:00:00Z,2026-04-27T17:00:00+08:00,26.9,PM2.5,µg/m³
Near Puregold Tayuman,6303935,15922109,2026-04-27T10:00:00Z,2026-04-27T18:00:00+08:00,22.1,PM2.5,µg/m³
Near Puregold Tayuman,6303935,15922109,2026-04-27T15:00:00Z,2026-04-27T23:00:00+08:00,7.53,PM2.5,µg/m³
Near Puregold Tayuman,6303935,15922109,2026-04-27T16:00:00Z,2026-04-28T00:00:00+08:00,5.81,PM2.5,µg/m³
Near Puregold Tayuman,6303935,15922109,2026-04-27T17:00:00Z,2026-04-28T01:00:00+08:00,7.43,PM2.5,µg/m³
Near Puregold Tayuman,6303935,15922109,2026-04-27T18:00:00Z,2026-04-28T02:00:00+08:00,8.59,PM2.5,µg/m³
Near Puregold Tayuman,6303935,15922109,2026-04-27T19:00:00Z,2026-04-28T03:00:00+08:00,6.28,PM2.5,µg/m³
Near Puregold Tayuman,6303935,15922109,2026-04-27T20:00:00Z,2026-04-28T04:00:00+08:00,6.85,PM2.5,µg/m³
Near Puregold Tayuman,6303935,15922109,2026-04-28T10:00:00Z,2026-04-28T18:00:00+08:00,12.4,PM2.5,µg/m³
Near Puregold Tayuman,6303935,15922109,2026-04-28T11:00:00Z,2026-04-28T19:00:00+08:00,11.6,PM2.5,µg/m³
Near Puregold Tayuman,6303935,15922109,2026-04-28T12:00:00Z,2026-04-28T20:00:00+08:00,15.1,PM2.5,µg/m³
Near Puregold Tayuman,6303935,15922109,2026-04-28T13:00:00Z,2026-04-28T21:00:00+08:00,12.4,PM2.5,µg/m³
Near Puregold Tayuman,6303935,15922109,2026-04-28T16:00:00Z,2026-04-29T00:00:00+08:00,11.5,PM2.5,µg/m³
Near Puregold Tayuman,6303935,15922109,2026-04-28T17:00:00Z,2026-04-29T01:00:00+08:00,8.62,PM2.5,µg/m³
Near Puregold Tayuman,6303935,15922109,2026-04-28T18:00:00Z,2026-04-29T02:00:00+08:00,19.6,PM2.5,µg/m³
Near Puregold Tayuman,6303935,15922109,2026-04-28T19:00:00Z,2026-04-29T03:00:00+08:00,13.4,PM2.5,µg/m³
Near Puregold Tayuman,6303935,15922109,2026-04-28T20:00:00Z,2026-04-29T04:00:00+08:00,9.87,PM2.5,µg/m³
Near Puregold Tayuman,6303935,15922109,2026-04-28T21:00:00Z,2026-04-29T05:00:00+08:00,15.6,PM2.5,µg/m³
Near Puregold Tayuman,6303935,15922109,2026-04-28T22:00:00Z,2026-04-29T06:00:00+08:00,27.6,PM2.5,µg/m³
Near Puregold Tayuman,6303935,15922109,2026-04-28T23:00:00Z,2026-04-29T07:00:00+08:00,42.0,PM2.5,µg/m³
Near Puregold Tayuman,6303935,15922109,2026-04-29T07:00:00Z,2026-04-29T15:00:00+08:00,15.2,PM2.5,µg/m³
Near Puregold Tayuman,6303935,15922109,2026-04-29T08:00:00Z,2026-04-29T16:00:00+08:00,20.8,PM2.5,µg/m³
Near Puregold Tayuman,6303935,15922109,2026-04-29T09:00:00Z,2026-04-29T17:00:00+08:00,25.1,PM2.5,µg/m³
Near Puregold Tayuman,6303935,15922109,2026-04-29T10:00:00Z,2026-04-29T18:00:00+08:00,33.3,PM2.5,µg/m³
Near Puregold Tayuman,6303935,15922109,2026-04-29T12:00:00Z,2026-04-29T20:00:00+08:00,17.3,PM2.5,µg/m³
Near Puregold Tayuman,6303935,15922109,2026-04-29T13:00:00Z,2026-04-29T21:00:00+08:00,15.5,PM2.5,µg/m³
Near Puregold Tayuman,6303935,15922109,2026-04-29T15:00:00Z,2026-04-29T23:00:00+08:00,16.8,PM2.5,µg/m³
Near Puregold Tayuman,6303935,15922109,2026-04-29T16:00:00Z,2026-04-30T00:00:00+08:00,12.8,PM2.5,µg/m³
Near Puregold Tayuman,6303935,15922109,2026-04-29T17:00:00Z,2026-04-30T01:00:00+08:00,11.2,PM2.5,µg/m³
Near Puregold Tayuman,6303935,15922109,2026-04-29T20:00:00Z,2026-04-30T04:00:00+08:00,29.5,PM2.5,µg/m³
Near Puregold Tayuman,6303935,15922109,2026-04-29T21:00:00Z,2026-04-30T05:00:00+08:00,23.8,PM2.5,µg/m³
Near Puregold Tayuman,6303935,15922109,2026-04-29T22:00:00Z,2026-04-30T06:00:00+08:00,26.7,PM2.5,µg/m³
Near Puregold Tayuman,6303935,15922109,2026-04-29T23:00:00Z,2026-04-30T07:00:00+08:00,30.6,PM2.5,µg/m³
Near Puregold Tayuman,6303935,15922109,2026-04-30T04:00:00Z,2026-04-30T12:00:00+08:00,26.0,PM2.5,µg/m³
Near Puregold Tayuman,6303935,15922109,2026-04-30T05:00:00Z,2026-04-30T13:00:00+08:00,26.7,PM2.5,µg/m³
Near Puregold Tayuman,6303935,15922109,2026-04-30T06:00:00Z,2026-04-30T14:00:00+08:00,28.0,PM2.5,µg/m³
Near Puregold Tayuman,6303935,15922109,2026-04-30T08:00:00Z,2026-04-30T16:00:00+08:00,13.4,PM2.5,µg/m³
Near Puregold Tayuman,6303935,15922109,2026-04-30T09:00:00Z,2026-04-30T17:00:00+08:00,14.2,PM2.5,µg/m³
Near Puregold Tayuman,6303935,15922109,2026-04-30T10:00:00Z,2026-04-30T18:00:00+08:00,21.7,PM2.5,µg/m³
Near Puregold Tayuman,6303935,15922109,2026-04-30T11:00:00Z,2026-04-30T19:00:00+08:00,19.9,PM2.5,µg/m³
Near Puregold Tayuman,6303935,15922109,2026-04-30T12:00:00Z,2026-04-30T20:00:00+08:00,29.8,PM2.5,µg/m³
Near Puregold Tayuman,6303935,15922109,2026-04-30T13:00:00Z,2026-04-30T21:00:00+08:00,28.1,PM2.5,µg/m³
Near Puregold Tayuman,6303935,15922109,2026-04-30T14:00:00Z,2026-04-30T22:00:00+08:00,27.4,PM2.5,µg/m³
Near Puregold Tayuman,6303935,15922109,2026-04-30T15:00:00Z,2026-04-30T23:00:00+08:00,21.5,PM2.5,µg/m³
Near Puregold Tayuman,6303935,15922109,2026-04-30T16:00:00Z,2026-05-01T00:00:00+08:00,21.2,PM2.5,µg/m³
Near Puregold Tayuman,6303935,15922109,2026-04-30T17:00:00Z,2026-05-01T01:00:00+08:00,18.2,PM2.5,µg/m³
Near Puregold Tayuman,6303935,15922109,2026-04-30T20:00:00Z,2026-05-01T04:00:00+08:00,9.65,PM2.5,µg/m³
Near Puregold Tayuman,6303935,15922109,2026-04-30T21:00:00Z,2026-05-01T05:00:00+08:00,17.3,PM2.5,µg/m³
Near Puregold Tayuman,6303935,15922109,2026-05-01T01:00:00Z,2026-05-01T09:00:00+08:00,33.8,PM2.5,µg/m³
Near Puregold Tayuman,6303935,15922109,2026-05-01T03:00:00Z,2026-05-01T11:00:00+08:00,34.4,PM2.5,µg/m³
Near Puregold Tayuman,6303935,15922109,2026-05-01T04:00:00Z,2026-05-01T12:00:00+08:00,35.7,PM2.5,µg/m³
Near Puregold Tayuman,6303935,15922109,2026-05-01T05:00:00Z,2026-05-01T13:00:00+08:00,24.5,PM2.5,µg/m³
Near Puregold Tayuman,6303935,15922109,2026-05-01T06:00:00Z,2026-05-01T14:00:00+08:00,16.9,PM2.5,µg/m³
Near Puregold Tayuman,6303935,15922109,2026-05-01T07:00:00Z,2026-05-01T15:00:00+08:00,14.0,PM2.5,µg/m³
Near Puregold Tayuman,6303935,15922109,2026-05-01T08:00:00Z,2026-05-01T16:00:00+08:00,11.5,PM2.5,µg/m³
Near Puregold Tayuman,6303935,15922109,2026-05-01T09:00:00Z,2026-05-01T17:00:00+08:00,16.8,PM2.5,µg/m³
Near Puregold Tayuman,6303935,15922109,2026-05-01T10:00:00Z,2026-05-01T18:00:00+08:00,15.7,PM2.5,µg/m³
Near Puregold Tayuman,6303935,15922109,2026-05-01T11:00:00Z,2026-05-01T19:00:00+08:00,19.0,PM2.5,µg/m³
Near Puregold Tayuman,6303935,15922109,2026-05-01T12:00:00Z,2026-05-01T20:00:00+08:00,13.0,PM2.5,µg/m³
Near Puregold Tayuman,6303935,15922109,2026-05-01T13:00:00Z,2026-05-01T21:00:00+08:00,11.5,PM2.5,µg/m³
Near Puregold Tayuman,6303935,15922109,2026-05-01T14:00:00Z,2026-05-01T22:00:00+08:00,10.4,PM2.5,µg/m³
Near Puregold Tayuman,6303935,15922109,2026-05-01T15:00:00Z,2026-05-01T23:00:00+08:00,7.96,PM2.5,µg/m³
Near Puregold Tayuman,6303935,15922109,2026-05-01T16:00:00Z,2026-05-02T00:00:00+08:00,9.16,PM2.5,µg/m³
Near Puregold Tayuman,6303935,15922109,2026-05-01T17:00:00Z,2026-05-02T01:00:00+08:00,10.6,PM2.5,µg/m³
Near Puregold Tayuman,6303935,15922109,2026-05-01T18:00:00Z,2026-05-02T02:00:00+08:00,7.44,PM2.5,µg/m³
Near Puregold Tayuman,6303935,15922109,2026-05-01T19:00:00Z,2026-05-02T03:00:00+08:00,6.29,PM2.5,µg/m³
Near Puregold Tayuman,6303935,15922109,2026-05-01T20:00:00Z,2026-05-02T04:00:00+08:00,12.7,PM2.5,µg/m³
Near Puregold Tayuman,6303935,15922109,2026-05-01T21:00:00Z,2026-05-02T05:00:00+08:00,16.6,PM2.5,µg/m³
Near Puregold Tayuman,6303935,15922109,2026-05-01T22:00:00Z,2026-05-02T06:00:00+08:00,13.2,PM2.5,µg/m³
Near Puregold Tayuman,6303935,15922109,2026-05-01T23:00:00Z,2026-05-02T07:00:00+08:00,29.2,PM2.5,µg/m³
Near Puregold Tayuman,6303935,15922109,2026-05-02T00:00:00Z,2026-05-02T08:00:00+08:00,21.2,PM2.5,µg/m³
Near Puregold Tayuman,6303935,15922109,2026-05-02T01:00:00Z,2026-05-02T09:00:00+08:00,25.2,PM2.5,µg/m³
Near Puregold Tayuman,6303935,15922109,2026-05-02T05:00:00Z,2026-05-02T13:00:00+08:00,18.3,PM2.5,µg/m³
Near Puregold Tayuman,6303935,15922109,2026-05-02T06:00:00Z,2026-05-02T14:00:00+08:00,14.5,PM2.5,µg/m³
Near Puregold Tayuman,6303935,15922109,2026-05-02T09:00:00Z,2026-05-02T17:00:00+08:00,17.2,PM2.5,µg/m³
Near Puregold Tayuman,6303935,15922109,2026-05-02T10:00:00Z,2026-05-02T18:00:00+08:00,16.4,PM2.5,µg/m³
Near Puregold Tayuman,6303935,15922109,2026-05-02T11:00:00Z,2026-05-02T19:00:00+08:00,13.4,PM2.5,µg/m³
Near Puregold Tayuman,6303935,15922109,2026-05-02T12:00:00Z,2026-05-02T20:00:00+08:00,14.0,PM2.5,µg/m³
Near Puregold Tayuman,6303935,15922109,2026-05-02T13:00:00Z,2026-05-02T21:00:00+08:00,13.1,PM2.5,µg/m³
Near Puregold Tayuman,6303935,15922109,2026-05-02T14:00:00Z,2026-05-02T22:00:00+08:00,8.59,PM2.5,µg/m³
Near Puregold Tayuman,6303935,15922109,2026-05-02T15:00:00Z,2026-05-02T23:00:00+08:00,10.2,PM2.5,µg/m³
Near Puregold Tayuman,6303935,15922109,2026-05-02T16:00:00Z,2026-05-03T00:00:00+08:00,12.7,PM2.5,µg/m³
Near Puregold Tayuman,6303935,15922109,2026-05-02T17:00:00Z,2026-05-03T01:00:00+08:00,8.03,PM2.5,µg/m³
Near Puregold Tayuman,6303935,15922109,2026-05-02T18:00:00Z,2026-05-03T02:00:00+08:00,8.42,PM2.5,µg/m³
Near Puregold Tayuman,6303935,15922109,2026-05-02T19:00:00Z,2026-05-03T03:00:00+08:00,8.74,PM2.5,µg/m³
Near Puregold Tayuman,6303935,15922109,2026-05-02T21:00:00Z,2026-05-03T05:00:00+08:00,17.9,PM2.5,µg/m³
Near Puregold Tayuman,6303935,15922109,2026-05-03T02:00:00Z,2026-05-03T10:00:00+08:00,31.4,PM2.5,µg/m³
Near Puregold Tayuman,6303935,15922109,2026-05-03T03:00:00Z,2026-05-03T11:00:00+08:00,37.3,PM2.5,µg/m³
Near Puregold Tayuman,6303935,15922109,2026-05-03T04:00:00Z,2026-05-03T12:00:00+08:00,19.3,PM2.5,µg/m³
Near Puregold Tayuman,6303935,15922109,2026-05-03T05:00:00Z,2026-05-03T13:00:00+08:00,18.9,PM2.5,µg/m³
Near Puregold Tayuman,6303935,15922109,2026-05-03T10:00:00Z,2026-05-03T18:00:00+08:00,14.2,PM2.5,µg/m³
Near Puregold Tayuman,6303935,15922109,2026-05-03T11:00:00Z,2026-05-03T19:00:00+08:00,13.2,PM2.5,µg/m³
Near Puregold Tayuman,6303935,15922109,2026-05-03T13:00:00Z,2026-05-03T21:00:00+08:00,13.4,PM2.5,µg/m³
Near Puregold Tayuman,6303935,15922109,2026-05-03T14:00:00Z,2026-05-03T22:00:00+08:00,7.39,PM2.5,µg/m³
Near Puregold Tayuman,6303935,15922109,2026-05-03T16:00:00Z,2026-05-04T00:00:00+08:00,8.36,PM2.5,µg/m³
Near Puregold Tayuman,6303935,15922109,2026-05-03T17:00:00Z,2026-05-04T01:00:00+08:00,6.6,PM2.5,µg/m³
Near Puregold Tayuman,6303935,15922109,2026-05-03T18:00:00Z,2026-05-04T02:00:00+08:00,5.68,PM2.5,µg/m³
Near Puregold Tayuman,6303935,15922109,2026-05-03T19:00:00Z,2026-05-04T03:00:00+08:00,6.12,PM2.5,µg/m³
Near Puregold Tayuman,6303935,15922109,2026-05-03T20:00:00Z,2026-05-04T04:00:00+08:00,7.06,PM2.5,µg/m³
Near Puregold Tayuman,6303935,15922109,2026-05-04T07:00:00Z,2026-05-04T15:00:00+08:00,13.1,PM2.5,µg/m³
Near Puregold Tayuman,6303935,15922109,2026-05-04T08:00:00Z,2026-05-04T16:00:00+08:00,16.6,PM2.5,µg/m³
Near Puregold Tayuman,6303935,15922109,2026-05-04T11:00:00Z,2026-05-04T19:00:00+08:00,15.7,PM2.5,µg/m³
Near Puregold Tayuman,6303935,15922109,2026-05-04T12:00:00Z,2026-05-04T20:00:00+08:00,12.9,PM2.5,µg/m³
Near Puregold Tayuman,6303935,15922109,2026-05-04T19:00:00Z,2026-05-05T03:00:00+08:00,18.6,PM2.5,µg/m³
Near Puregold Tayuman,6303935,15922109,2026-05-04T20:00:00Z,2026-05-05T04:00:00+08:00,17.3,PM2.5,µg/m³
Near Puregold Tayuman,6303935,15922109,2026-05-04T21:00:00Z,2026-05-05T05:00:00+08:00,12.8,PM2.5,µg/m³
Near Puregold Tayuman,6303935,15922109,2026-05-04T22:00:00Z,2026-05-05T06:00:00+08:00,17.8,PM2.5,µg/m³
Near Puregold Tayuman,6303935,15922109,2026-05-04T23:00:00Z,2026-05-05T07:00:00+08:00,41.1,PM2.5,µg/m³
Near Puregold Tayuman,6303935,15922109,2026-05-05T00:00:00Z,2026-05-05T08:00:00+08:00,45.1,PM2.5,µg/m³
Near Puregold Tayuman,6303935,15922109,2026-05-05T05:00:00Z,2026-05-05T13:00:00+08:00,24.3,PM2.5,µg/m³
Near Puregold Tayuman,6303935,15922109,2026-05-05T06:00:00Z,2026-05-05T14:00:00+08:00,18.6,PM2.5,µg/m³
Near Puregold Tayuman,6303935,15922109,2026-05-05T07:00:00Z,2026-05-05T15:00:00+08:00,18.1,PM2.5,µg/m³
Near Puregold Tayuman,6303935,15922109,2026-05-05T08:00:00Z,2026-05-05T16:00:00+08:00,28.8,PM2.5,µg/m³
Near Puregold Tayuman,6303935,15922109,2026-05-05T09:00:00Z,2026-05-05T17:00:00+08:00,31.6,PM2.5,µg/m³
Near Puregold Tayuman,6303935,15922109,2026-05-05T13:00:00Z,2026-05-05T21:00:00+08:00,17.6,PM2.5,µg/m³
Near Puregold Tayuman,6303935,15922109,2026-05-05T14:00:00Z,2026-05-05T22:00:00+08:00,12.1,PM2.5,µg/m³
Near Puregold Tayuman,6303935,15922109,2026-05-05T15:00:00Z,2026-05-05T23:00:00+08:00,13.5,PM2.5,µg/m³
Near Puregold Tayuman,6303935,15922109,2026-05-05T16:00:00Z,2026-05-06T00:00:00+08:00,9.99,PM2.5,µg/m³
Near Puregold Tayuman,6303935,15922109,2026-05-05T17:00:00Z,2026-05-06T01:00:00+08:00,9.1,PM2.5,µg/m³
Near Puregold Tayuman,6303935,15922109,2026-05-05T18:00:00Z,2026-05-06T02:00:00+08:00,6.27,PM2.5,µg/m³
Near Puregold Tayuman,6303935,15922109,2026-05-05T19:00:00Z,2026-05-06T03:00:00+08:00,6.66,PM2.5,µg/m³
Near Puregold Tayuman,6303935,15922109,2026-05-05T20:00:00Z,2026-05-06T04:00:00+08:00,6.75,PM2.5,µg/m³
Near Puregold Tayuman,6303935,15922109,2026-05-05T21:00:00Z,2026-05-06T05:00:00+08:00,10.9,PM2.5,µg/m³
Near Puregold Tayuman,6303935,15922109,2026-05-05T22:00:00Z,2026-05-06T06:00:00+08:00,16.8,PM2.5,µg/m³
Near Puregold Tayuman,6303935,15922109,2026-05-05T23:00:00Z,2026-05-06T07:00:00+08:00,32.2,PM2.5,µg/m³
Near Puregold Tayuman,6303935,15922109,2026-05-06T00:00:00Z,2026-05-06T08:00:00+08:00,44.2,PM2.5,µg/m³
Near Puregold Tayuman,6303935,15922109,2026-05-06T02:00:00Z,2026-05-06T10:00:00+08:00,26.0,PM2.5,µg/m³
Near Puregold Tayuman,6303935,15922109,2026-05-06T03:00:00Z,2026-05-06T11:00:00+08:00,19.1,PM2.5,µg/m³
Near Puregold Tayuman,6303935,15922109,2026-05-06T04:00:00Z,2026-05-06T12:00:00+08:00,20.2,PM2.5,µg/m³
Near Puregold Tayuman,6303935,15922109,2026-05-06T05:00:00Z,2026-05-06T13:00:00+08:00,14.1,PM2.5,µg/m³
Near Puregold Tayuman,6303935,15922109,2026-05-06T06:00:00Z,2026-05-06T14:00:00+08:00,12.1,PM2.5,µg/m³
Near Puregold Tayuman,6303935,15922109,2026-05-06T07:00:00Z,2026-05-06T15:00:00+08:00,15.1,PM2.5,µg/m³
Near Puregold Tayuman,6303935,15922109,2026-05-06T09:00:00Z,2026-05-06T17:00:00+08:00,11.3,PM2.5,µg/m³
Near Puregold Tayuman,6303935,15922109,2026-05-06T10:00:00Z,2026-05-06T18:00:00+08:00,8.55,PM2.5,µg/m³
Near Puregold Tayuman,6303935,15922109,2026-05-06T13:00:00Z,2026-05-06T21:00:00+08:00,13.0,PM2.5,µg/m³
Near Puregold Tayuman,6303935,15922109,2026-05-06T14:00:00Z,2026-05-06T22:00:00+08:00,14.9,PM2.5,µg/m³
Near Puregold Tayuman,6303935,15922109,2026-05-06T15:00:00Z,2026-05-06T23:00:00+08:00,18.1,PM2.5,µg/m³
Near Puregold Tayuman,6303935,15922109,2026-05-06T16:00:00Z,2026-05-07T00:00:00+08:00,10.2,PM2.5,µg/m³
Near Puregold Tayuman,6303935,15922109,2026-05-06T17:00:00Z,2026-05-07T01:00:00+08:00,8.05,PM2.5,µg/m³
Near Puregold Tayuman,6303935,15922109,2026-05-06T18:00:00Z,2026-05-07T02:00:00+08:00,8.74,PM2.5,µg/m³
Near Puregold Tayuman,6303935,15922109,2026-05-06T19:00:00Z,2026-05-07T03:00:00+08:00,9.87,PM2.5,µg/m³
Near Puregold Tayuman,6303935,15922109,2026-05-06T22:00:00Z,2026-05-07T06:00:00+08:00,23.7,PM2.5,µg/m³
Near Puregold Tayuman,6303935,15922109,2026-05-06T23:00:00Z,2026-05-07T07:00:00+08:00,62.9,PM2.5,µg/m³
Near Puregold Tayuman,6303935,15922109,2026-05-07T08:00:00Z,2026-05-07T16:00:00+08:00,17.3,PM2.5,µg/m³
Near Puregold Tayuman,6303935,15922109,2026-05-07T09:00:00Z,2026-05-07T17:00:00+08:00,12.7,PM2.5,µg/m³
Near Puregold Tayuman,6303935,15922109,2026-05-07T13:00:00Z,2026-05-07T21:00:00+08:00,12.6,PM2.5,µg/m³
Near Puregold Tayuman,6303935,15922109,2026-05-07T14:00:00Z,2026-05-07T22:00:00+08:00,6.79,PM2.5,µg/m³
Near Puregold Tayuman,6303935,15922109,2026-05-07T15:00:00Z,2026-05-07T23:00:00+08:00,8.01,PM2.5,µg/m³
Near Puregold Tayuman,6303935,15922109,2026-05-07T16:00:00Z,2026-05-08T00:00:00+08:00,12.0,PM2.5,µg/m³
Near Puregold Tayuman,6303935,15922109,2026-05-07T17:00:00Z,2026-05-08T01:00:00+08:00,6.85,PM2.5,µg/m³
Near Puregold Tayuman,6303935,15922109,2026-05-07T18:00:00Z,2026-05-08T02:00:00+08:00,16.2,PM2.5,µg/m³
Near Puregold Tayuman,6303935,15922109,2026-05-07T19:00:00Z,2026-05-08T03:00:00+08:00,17.6,PM2.5,µg/m³
Near Puregold Tayuman,6303935,15922109,2026-05-07T20:00:00Z,2026-05-08T04:00:00+08:00,11.7,PM2.5,µg/m³
Near Puregold Tayuman,6303935,15922109,2026-05-07T21:00:00Z,2026-05-08T05:00:00+08:00,12.6,PM2.5,µg/m³
Near Puregold Tayuman,6303935,15922109,2026-05-08T06:00:00Z,2026-05-08T14:00:00+08:00,13.7,PM2.5,µg/m³
Near Puregold Tayuman,6303935,15922109,2026-05-08T07:00:00Z,2026-05-08T15:00:00+08:00,15.1,PM2.5,µg/m³
Near Puregold Tayuman,6303935,15922109,2026-05-08T08:00:00Z,2026-05-08T16:00:00+08:00,18.3,PM2.5,µg/m³
Near Puregold Tayuman,6303935,15922109,2026-05-08T09:00:00Z,2026-05-08T17:00:00+08:00,15.0,PM2.5,µg/m³
Near Puregold Tayuman,6303935,15922109,2026-05-08T10:00:00Z,2026-05-08T18:00:00+08:00,18.8,PM2.5,µg/m³
Near Puregold Tayuman,6303935,15922109,2026-05-08T11:00:00Z,2026-05-08T19:00:00+08:00,16.8,PM2.5,µg/m³
Near Puregold Tayuman,6303935,15922109,2026-05-08T12:00:00Z,2026-05-08T20:00:00+08:00,14.0,PM2.5,µg/m³
Near Puregold Tayuman,6303935,15922109,2026-05-08T14:00:00Z,2026-05-08T22:00:00+08:00,10.1,PM2.5,µg/m³
Near Puregold Tayuman,6303935,15922109,2026-05-08T15:00:00Z,2026-05-08T23:00:00+08:00,9.76,PM2.5,µg/m³
Near Puregold Tayuman,6303935,15922109,2026-05-08T16:00:00Z,2026-05-09T00:00:00+08:00,6.94,PM2.5,µg/m³
Near Puregold Tayuman,6303935,15922109,2026-05-08T17:00:00Z,2026-05-09T01:00:00+08:00,6.32,PM2.5,µg/m³
Near Puregold Tayuman,6303935,15922109,2026-05-08T22:00:00Z,2026-05-09T06:00:00+08:00,17.1,PM2.5,µg/m³
Near Puregold Tayuman,6303935,15922109,2026-05-08T23:00:00Z,2026-05-09T07:00:00+08:00,24.3,PM2.5,µg/m³
Near Puregold Tayuman,6303935,15922109,2026-05-09T01:00:00Z,2026-05-09T09:00:00+08:00,23.4,PM2.5,µg/m³
Near Puregold Tayuman,6303935,15922109,2026-05-09T02:00:00Z,2026-05-09T10:00:00+08:00,11.5,PM2.5,µg/m³
Near Puregold Tayuman,6303935,15922109,2026-05-09T04:00:00Z,2026-05-09T12:00:00+08:00,21.9,PM2.5,µg/m³
Near Puregold Tayuman,6303935,15922109,2026-05-09T05:00:00Z,2026-05-09T13:00:00+08:00,27.4,PM2.5,µg/m³
Near Puregold Tayuman,6303935,15922109,2026-05-09T12:00:00Z,2026-05-09T20:00:00+08:00,12.7,PM2.5,µg/m³
Near Puregold Tayuman,6303935,15922109,2026-05-09T13:00:00Z,2026-05-09T21:00:00+08:00,16.1,PM2.5,µg/m³
Near Puregold Tayuman,6303935,15922109,2026-05-09T14:00:00Z,2026-05-09T22:00:00+08:00,7.98,PM2.5,µg/m³
Near Puregold Tayuman,6303935,15922109,2026-05-09T18:00:00Z,2026-05-10T02:00:00+08:00,5.63,PM2.5,µg/m³
Near Puregold Tayuman,6303935,15922109,2026-05-09T19:00:00Z,2026-05-10T03:00:00+08:00,4.95,PM2.5,µg/m³
Near Puregold Tayuman,6303935,15922109,2026-05-09T20:00:00Z,2026-05-10T04:00:00+08:00,7.31,PM2.5,µg/m³
Near Puregold Tayuman,6303935,15922109,2026-05-09T21:00:00Z,2026-05-10T05:00:00+08:00,7.62,PM2.5,µg/m³
Near Puregold Tayuman,6303935,15922109,2026-05-09T22:00:00Z,2026-05-10T06:00:00+08:00,7.94,PM2.5,µg/m³
Near Puregold Tayuman,6303935,15922109,2026-05-10T00:00:00Z,2026-05-10T08:00:00+08:00,30.9,PM2.5,µg/m³
Near Puregold Tayuman,6303935,15922109,2026-05-10T01:00:00Z,2026-05-10T09:00:00+08:00,20.2,PM2.5,µg/m³
Near Puregold Tayuman,6303935,15922109,2026-05-10T02:00:00Z,2026-05-10T10:00:00+08:00,15.6,PM2.5,µg/m³
Near Puregold Tayuman,6303935,15922109,2026-05-10T03:00:00Z,2026-05-10T11:00:00+08:00,8.4,PM2.5,µg/m³
Near Puregold Tayuman,6303935,15922109,2026-05-10T04:00:00Z,2026-05-10T12:00:00+08:00,8.14,PM2.5,µg/m³
Near Puregold Tayuman,6303935,15922109,2026-05-10T05:00:00Z,2026-05-10T13:00:00+08:00,9.59,PM2.5,µg/m³
Near Puregold Tayuman,6303935,15922109,2026-05-10T06:00:00Z,2026-05-10T14:00:00+08:00,9.32,PM2.5,µg/m³
Near Puregold Tayuman,6303935,15922109,2026-05-10T07:00:00Z,2026-05-10T15:00:00+08:00,11.6,PM2.5,µg/m³
Near Puregold Tayuman,6303935,15922109,2026-05-10T09:00:00Z,2026-05-10T17:00:00+08:00,18.5,PM2.5,µg/m³
Near Puregold Tayuman,6303935,15922109,2026-05-10T10:00:00Z,2026-05-10T18:00:00+08:00,21.4,PM2.5,µg/m³
Near Puregold Tayuman,6303935,15922109,2026-05-10T11:00:00Z,2026-05-10T19:00:00+08:00,13.4,PM2.5,µg/m³
Near Puregold Tayuman,6303935,15922109,2026-05-10T12:00:00Z,2026-05-10T20:00:00+08:00,18.3,PM2.5,µg/m³
Near Puregold Tayuman,6303935,15922109,2026-05-10T13:00:00Z,2026-05-10T21:00:00+08:00,13.2,PM2.5,µg/m³
Near Puregold Tayuman,6303935,15922109,2026-05-10T14:00:00Z,2026-05-10T22:00:00+08:00,11.0,PM2.5,µg/m³
Near Puregold Tayuman,6303935,15922109,2026-05-10T15:00:00Z,2026-05-10T23:00:00+08:00,8.73,PM2.5,µg/m³
Near Puregold Tayuman,6303935,15922109,2026-05-10T16:00:00Z,2026-05-11T00:00:00+08:00,8.09,PM2.5,µg/m³
Near Puregold Tayuman,6303935,15922109,2026-05-10T19:00:00Z,2026-05-11T03:00:00+08:00,4.99,PM2.5,µg/m³
Near Puregold Tayuman,6303935,15922109,2026-05-10T20:00:00Z,2026-05-11T04:00:00+08:00,5.36,PM2.5,µg/m³
Near Puregold Tayuman,6303935,15922109,2026-05-10T21:00:00Z,2026-05-11T05:00:00+08:00,7.62,PM2.5,µg/m³
Near Puregold Tayuman,6303935,15922109,2026-05-10T22:00:00Z,2026-05-11T06:00:00+08:00,8.99,PM2.5,µg/m³
Near Puregold Tayuman,6303935,15922109,2026-05-10T23:00:00Z,2026-05-11T07:00:00+08:00,22.0,PM2.5,µg/m³
Near Puregold Tayuman,6303935,15922109,2026-05-11T00:00:00Z,2026-05-11T08:00:00+08:00,30.3,PM2.5,µg/m³
Near Puregold Tayuman,6303935,15922109,2026-05-11T02:00:00Z,2026-05-11T10:00:00+08:00,17.9,PM2.5,µg/m³
Near Puregold Tayuman,6303935,15922109,2026-05-11T03:00:00Z,2026-05-11T11:00:00+08:00,19.0,PM2.5,µg/m³
Near Puregold Tayuman,6303935,15922109,2026-05-11T04:00:00Z,2026-05-11T12:00:00+08:00,14.5,PM2.5,µg/m³
Near Puregold Tayuman,6303935,15922109,2026-05-11T06:00:00Z,2026-05-11T14:00:00+08:00,14.1,PM2.5,µg/m³
Near Puregold Tayuman,6303935,15922109,2026-05-11T07:00:00Z,2026-05-11T15:00:00+08:00,17.2,PM2.5,µg/m³
Near Puregold Tayuman,6303935,15922109,2026-05-11T08:00:00Z,2026-05-11T16:00:00+08:00,14.6,PM2.5,µg/m³
Near Puregold Tayuman,6303935,15922109,2026-05-11T09:00:00Z,2026-05-11T17:00:00+08:00,14.5,PM2.5,µg/m³
Near Puregold Tayuman,6303935,15922109,2026-05-11T10:00:00Z,2026-05-11T18:00:00+08:00,17.5,PM2.5,µg/m³
Near Puregold Tayuman,6303935,15922109,2026-05-11T11:00:00Z,2026-05-11T19:00:00+08:00,21.3,PM2.5,µg/m³
Near Puregold Tayuman,6303935,15922109,2026-05-11T12:00:00Z,2026-05-11T20:00:00+08:00,17.0,PM2.5,µg/m³
Near Puregold Tayuman,6303935,15922109,2026-05-11T13:00:00Z,2026-05-11T21:00:00+08:00,15.2,PM2.5,µg/m³
Near Puregold Tayuman,6303935,15922109,2026-05-11T14:00:00Z,2026-05-11T22:00:00+08:00,16.5,PM2.5,µg/m³
Near Puregold Tayuman,6303935,15922109,2026-05-11T16:00:00Z,2026-05-12T00:00:00+08:00,13.1,PM2.5,µg/m³
Near Puregold Tayuman,6303935,15922109,2026-05-11T17:00:00Z,2026-05-12T01:00:00+08:00,9.65,PM2.5,µg/m³
Near Puregold Tayuman,6303935,15922109,2026-05-11T18:00:00Z,2026-05-12T02:00:00+08:00,10.0,PM2.5,µg/m³
Near Puregold Tayuman,6303935,15922109,2026-05-11T19:00:00Z,2026-05-12T03:00:00+08:00,15.3,PM2.5,µg/m³
Near Puregold Tayuman,6303935,15922109,2026-05-11T20:00:00Z,2026-05-12T04:00:00+08:00,18.3,PM2.5,µg/m³
Near Puregold Tayuman,6303935,15922109,2026-05-11T21:00:00Z,2026-05-12T05:00:00+08:00,22.6,PM2.5,µg/m³
Near Puregold Tayuman,6303935,15922109,2026-05-11T22:00:00Z,2026-05-12T06:00:00+08:00,23.6,PM2.5,µg/m³
Near Puregold Tayuman,6303935,15922109,2026-05-11T23:00:00Z,2026-05-12T07:00:00+08:00,24.1,PM2.5,µg/m³
Near Puregold Tayuman,6303935,15922109,2026-05-12T00:00:00Z,2026-05-12T08:00:00+08:00,29.2,PM2.5,µg/m³
Near Puregold Tayuman,6303935,15922109,2026-05-12T01:00:00Z,2026-05-12T09:00:00+08:00,29.8,PM2.5,µg/m³
Near Puregold Tayuman,6303935,15922109,2026-05-12T02:00:00Z,2026-05-12T10:00:00+08:00,37.0,PM2.5,µg/m³
Near Puregold Tayuman,6303935,15922109,2026-05-12T03:00:00Z,2026-05-12T11:00:00+08:00,32.3,PM2.5,µg/m³
Near Puregold Tayuman,6303935,15922109,2026-05-12T04:00:00Z,2026-05-12T12:00:00+08:00,24.6,PM2.5,µg/m³
Near Puregold Tayuman,6303935,15922109,2026-05-12T05:00:00Z,2026-05-12T13:00:00+08:00,26.2,PM2.5,µg/m³
Near Puregold Tayuman,6303935,15922109,2026-05-12T06:00:00Z,2026-05-12T14:00:00+08:00,20.7,PM2.5,µg/m³
Near Puregold Tayuman,6303935,15922109,2026-05-12T07:00:00Z,2026-05-12T15:00:00+08:00,23.9,PM2.5,µg/m³
Near Puregold Tayuman,6303935,15922109,2026-05-12T08:00:00Z,2026-05-12T16:00:00+08:00,28.7,PM2.5,µg/m³
Near Puregold Tayuman,6303935,15922109,2026-05-12T09:00:00Z,2026-05-12T17:00:00+08:00,32.0,PM2.5,µg/m³
Near Puregold Tayuman,6303935,15922109,2026-05-12T10:00:00Z,2026-05-12T18:00:00+08:00,35.1,PM2.5,µg/m³
Near Puregold Tayuman,6303935,15922109,2026-05-12T11:00:00Z,2026-05-12T19:00:00+08:00,43.4,PM2.5,µg/m³
Near Puregold Tayuman,6303935,15922109,2026-05-12T12:00:00Z,2026-05-12T20:00:00+08:00,39.2,PM2.5,µg/m³
Near Puregold Tayuman,6303935,15922109,2026-05-12T13:00:00Z,2026-05-12T21:00:00+08:00,45.9,PM2.5,µg/m³
Near Puregold Tayuman,6303935,15922109,2026-05-12T14:00:00Z,2026-05-12T22:00:00+08:00,33.7,PM2.5,µg/m³
Near Puregold Tayuman,6303935,15922109,2026-05-12T15:00:00Z,2026-05-12T23:00:00+08:00,28.8,PM2.5,µg/m³
Near Puregold Tayuman,6303935,15922109,2026-05-12T16:00:00Z,2026-05-13T00:00:00+08:00,30.6,PM2.5,µg/m³
Near Puregold Tayuman,6303935,15922109,2026-05-12T17:00:00Z,2026-05-13T01:00:00+08:00,27.5,PM2.5,µg/m³
Near Puregold Tayuman,6303935,15922109,2026-05-12T18:00:00Z,2026-05-13T02:00:00+08:00,34.2,PM2.5,µg/m³
Near Puregold Tayuman,6303935,15922109,2026-05-12T19:00:00Z,2026-05-13T03:00:00+08:00,38.2,PM2.5,µg/m³
Near Puregold Tayuman,6303935,15922109,2026-05-12T20:00:00Z,2026-05-13T04:00:00+08:00,28.1,PM2.5,µg/m³
Near Puregold Tayuman,6303935,15922109,2026-05-12T21:00:00Z,2026-05-13T05:00:00+08:00,26.9,PM2.5,µg/m³
Near Puregold Tayuman,6303935,15922109,2026-05-12T22:00:00Z,2026-05-13T06:00:00+08:00,31.1,PM2.5,µg/m³
Near Puregold Tayuman,6303935,15922109,2026-05-12T23:00:00Z,2026-05-13T07:00:00+08:00,33.4,PM2.5,µg/m³
Near Puregold Tayuman,6303935,15922109,2026-05-13T00:00:00Z,2026-05-13T08:00:00+08:00,49.3,PM2.5,µg/m³
Near Puregold Tayuman,6303935,15922109,2026-05-13T07:00:00Z,2026-05-13T15:00:00+08:00,41.6,PM2.5,µg/m³
Near Puregold Tayuman,6303935,15922109,2026-05-13T08:00:00Z,2026-05-13T16:00:00+08:00,28.7,PM2.5,µg/m³
Near Puregold Tayuman,6303935,15922109,2026-05-13T16:00:00Z,2026-05-14T00:00:00+08:00,15.4,PM2.5,µg/m³
Near Puregold Tayuman,6303935,15922109,2026-05-13T17:00:00Z,2026-05-14T01:00:00+08:00,10.9,PM2.5,µg/m³
Near Puregold Tayuman,6303935,15922109,2026-05-13T21:00:00Z,2026-05-14T05:00:00+08:00,24.8,PM2.5,µg/m³
Near Puregold Tayuman,6303935,15922109,2026-05-13T22:00:00Z,2026-05-14T06:00:00+08:00,29.3,PM2.5,µg/m³
Near Puregold Tayuman,6303935,15922109,2026-05-13T23:00:00Z,2026-05-14T07:00:00+08:00,41.1,PM2.5,µg/m³
Near Puregold Tayuman,6303935,15922109,2026-05-14T01:00:00Z,2026-05-14T09:00:00+08:00,28.7,PM2.5,µg/m³
Near Puregold Tayuman,6303935,15922109,2026-05-14T02:00:00Z,2026-05-14T10:00:00+08:00,28.9,PM2.5,µg/m³
Near Puregold Tayuman,6303935,15922109,2026-05-14T03:00:00Z,2026-05-14T11:00:00+08:00,32.9,PM2.5,µg/m³
Near Puregold Tayuman,6303935,15922109,2026-05-14T04:00:00Z,2026-05-14T12:00:00+08:00,32.6,PM2.5,µg/m³
Near Puregold Tayuman,6303935,15922109,2026-05-14T07:00:00Z,2026-05-14T15:00:00+08:00,29.7,PM2.5,µg/m³
Near Puregold Tayuman,6303935,15922109,2026-05-14T08:00:00Z,2026-05-14T16:00:00+08:00,26.1,PM2.5,µg/m³
Near Puregold Tayuman,6303935,15922109,2026-05-14T09:00:00Z,2026-05-14T17:00:00+08:00,29.2,PM2.5,µg/m³
Near Puregold Tayuman,6303935,15922109,2026-05-14T10:00:00Z,2026-05-14T18:00:00+08:00,28.7,PM2.5,µg/m³
Near Puregold Tayuman,6303935,15922109,2026-05-14T11:00:00Z,2026-05-14T19:00:00+08:00,31.3,PM2.5,µg/m³
Near Puregold Tayuman,6303935,15922109,2026-05-14T12:00:00Z,2026-05-14T20:00:00+08:00,31.4,PM2.5,µg/m³
Near Puregold Tayuman,6303935,15922109,2026-05-14T13:00:00Z,2026-05-14T21:00:00+08:00,26.1,PM2.5,µg/m³
Near Puregold Tayuman,6303935,15922109,2026-05-14T14:00:00Z,2026-05-14T22:00:00+08:00,22.5,PM2.5,µg/m³
Near Puregold Tayuman,6303935,15922109,2026-05-14T15:00:00Z,2026-05-14T23:00:00+08:00,30.0,PM2.5,µg/m³
Near Puregold Tayuman,6303935,15922109,2026-05-14T16:00:00Z,2026-05-15T00:00:00+08:00,17.3,PM2.5,µg/m³
Near Puregold Tayuman,6303935,15922109,2026-05-14T17:00:00Z,2026-05-15T01:00:00+08:00,17.2,PM2.5,µg/m³
Near Puregold Tayuman,6303935,15922109,2026-05-14T18:00:00Z,2026-05-15T02:00:00+08:00,16.5,PM2.5,µg/m³
Near Puregold Tayuman,6303935,15922109,2026-05-14T19:00:00Z,2026-05-15T03:00:00+08:00,22.8,PM2.5,µg/m³
Near Puregold Tayuman,6303935,15922109,2026-05-14T20:00:00Z,2026-05-15T04:00:00+08:00,26.3,PM2.5,µg/m³
Near Puregold Tayuman,6303935,15922109,2026-05-14T21:00:00Z,2026-05-15T05:00:00+08:00,22.1,PM2.5,µg/m³
Near Puregold Tayuman,6303935,15922109,2026-05-15T05:00:00Z,2026-05-15T13:00:00+08:00,32.4,PM2.5,µg/m³
Near Puregold Tayuman,6303935,15922109,2026-05-15T06:00:00Z,2026-05-15T14:00:00+08:00,33.7,PM2.5,µg/m³
Near Puregold Tayuman,6303935,15922109,2026-05-15T07:00:00Z,2026-05-15T15:00:00+08:00,32.3,PM2.5,µg/m³
Near Puregold Tayuman,6303935,15922109,2026-05-15T08:00:00Z,2026-05-15T16:00:00+08:00,36.9,PM2.5,µg/m³
Near Puregold Tayuman,6303935,15922109,2026-05-15T09:00:00Z,2026-05-15T17:00:00+08:00,39.5,PM2.5,µg/m³
Near Puregold Tayuman,6303935,15922109,2026-05-15T10:00:00Z,2026-05-15T18:00:00+08:00,41.0,PM2.5,µg/m³
Near Puregold Tayuman,6303935,15922109,2026-05-15T13:00:00Z,2026-05-15T21:00:00+08:00,55.2,PM2.5,µg/m³
Near Puregold Tayuman,6303935,15922109,2026-05-15T14:00:00Z,2026-05-15T22:00:00+08:00,57.2,PM2.5,µg/m³
Near Puregold Tayuman,6303935,15922109,2026-05-15T17:00:00Z,2026-05-16T01:00:00+08:00,27.2,PM2.5,µg/m³
Near Puregold Tayuman,6303935,15922109,2026-05-15T18:00:00Z,2026-05-16T02:00:00+08:00,22.6,PM2.5,µg/m³
Near Puregold Tayuman,6303935,15922109,2026-05-15T19:00:00Z,2026-05-16T03:00:00+08:00,25.8,PM2.5,µg/m³
Near Puregold Tayuman,6303935,15922109,2026-05-15T23:00:00Z,2026-05-16T07:00:00+08:00,30.4,PM2.5,µg/m³
Near Puregold Tayuman,6303935,15922109,2026-05-16T05:00:00Z,2026-05-16T13:00:00+08:00,34.2,PM2.5,µg/m³
Near Puregold Tayuman,6303935,15922109,2026-05-16T06:00:00Z,2026-05-16T14:00:00+08:00,36.2,PM2.5,µg/m³
Near Puregold Tayuman,6303935,15922109,2026-05-16T07:00:00Z,2026-05-16T15:00:00+08:00,35.2,PM2.5,µg/m³
Near Puregold Tayuman,6303935,15922109,2026-05-16T08:00:00Z,2026-05-16T16:00:00+08:00,39.9,PM2.5,µg/m³
Near Puregold Tayuman,6303935,15922109,2026-05-16T09:00:00Z,2026-05-16T17:00:00+08:00,32.5,PM2.5,µg/m³
Near Puregold Tayuman,6303935,15922109,2026-05-16T10:00:00Z,2026-05-16T18:00:00+08:00,29.6,PM2.5,µg/m³
Near Puregold Tayuman,6303935,15922109,2026-05-16T12:00:00Z,2026-05-16T20:00:00+08:00,42.6,PM2.5,µg/m³
Near Puregold Tayuman,6303935,15922109,2026-05-16T13:00:00Z,2026-05-16T21:00:00+08:00,33.9,PM2.5,µg/m³
Near Puregold Tayuman,6303935,15922109,2026-05-16T15:00:00Z,2026-05-16T23:00:00+08:00,28.1,PM2.5,µg/m³
Near Puregold Tayuman,6303935,15922109,2026-05-16T16:00:00Z,2026-05-17T00:00:00+08:00,29.5,PM2.5,µg/m³
Near Puregold Tayuman,6303935,15922109,2026-05-16T17:00:00Z,2026-05-17T01:00:00+08:00,23.6,PM2.5,µg/m³
Near Puregold Tayuman,6303935,15922109,2026-05-16T18:00:00Z,2026-05-17T02:00:00+08:00,24.9,PM2.5,µg/m³
Near Puregold Tayuman,6303935,15922109,2026-05-17T01:00:00Z,2026-05-17T09:00:00+08:00,35.2,PM2.5,µg/m³
Near Puregold Tayuman,6303935,15922109,2026-05-17T02:00:00Z,2026-05-17T10:00:00+08:00,35.1,PM2.5,µg/m³
Near Puregold Tayuman,6303935,15922109,2026-05-17T03:00:00Z,2026-05-17T11:00:00+08:00,37.6,PM2.5,µg/m³
Near Puregold Tayuman,6303935,15922109,2026-05-17T09:00:00Z,2026-05-17T17:00:00+08:00,18.5,PM2.5,µg/m³
Near Puregold Tayuman,6303935,15922109,2026-05-17T10:00:00Z,2026-05-17T18:00:00+08:00,26.5,PM2.5,µg/m³
Near Puregold Tayuman,6303935,15922109,2026-05-17T11:00:00Z,2026-05-17T19:00:00+08:00,34.2,PM2.5,µg/m³
Near Puregold Tayuman,6303935,15922109,2026-05-17T12:00:00Z,2026-05-17T20:00:00+08:00,31.2,PM2.5,µg/m³
Near Puregold Tayuman,6303935,15922109,2026-05-17T13:00:00Z,2026-05-17T21:00:00+08:00,72.1,PM2.5,µg/m³
Near Puregold Tayuman,6303935,15922109,2026-05-17T18:00:00Z,2026-05-18T02:00:00+08:00,16.1,PM2.5,µg/m³
Near Puregold Tayuman,6303935,15922109,2026-05-17T19:00:00Z,2026-05-18T03:00:00+08:00,14.8,PM2.5,µg/m³
Near Puregold Tayuman,6303935,15922109,2026-05-17T21:00:00Z,2026-05-18T05:00:00+08:00,23.8,PM2.5,µg/m³
Near Puregold Tayuman,6303935,15922109,2026-05-17T22:00:00Z,2026-05-18T06:00:00+08:00,27.2,PM2.5,µg/m³
Near Puregold Tayuman,6303935,15922109,2026-05-18T02:00:00Z,2026-05-18T10:00:00+08:00,38.3,PM2.5,µg/m³
Near Puregold Tayuman,6303935,15922109,2026-05-18T03:00:00Z,2026-05-18T11:00:00+08:00,28.3,PM2.5,µg/m³
Near Puregold Tayuman,6303935,15922109,2026-05-18T04:00:00Z,2026-05-18T12:00:00+08:00,27.7,PM2.5,µg/m³
Near Puregold Tayuman,6303935,15922109,2026-05-18T05:00:00Z,2026-05-18T13:00:00+08:00,24.7,PM2.5,µg/m³
Near Puregold Tayuman,6303935,15922109,2026-05-18T06:00:00Z,2026-05-18T14:00:00+08:00,23.9,PM2.5,µg/m³
Near Puregold Tayuman,6303935,15922109,2026-05-18T07:00:00Z,2026-05-18T15:00:00+08:00,20.9,PM2.5,µg/m³
Near Puregold Tayuman,6303935,15922109,2026-05-18T08:00:00Z,2026-05-18T16:00:00+08:00,26.0,PM2.5,µg/m³
Near Puregold Tayuman,6303935,15922109,2026-05-18T09:00:00Z,2026-05-18T17:00:00+08:00,36.4,PM2.5,µg/m³
Near Puregold Tayuman,6303935,15922109,2026-05-18T16:00:00Z,2026-05-19T00:00:00+08:00,18.5,PM2.5,µg/m³
Near Puregold Tayuman,6303935,15922109,2026-05-18T17:00:00Z,2026-05-19T01:00:00+08:00,16.3,PM2.5,µg/m³
Near Puregold Tayuman,6303935,15922109,2026-05-18T18:00:00Z,2026-05-19T02:00:00+08:00,16.4,PM2.5,µg/m³
Near Puregold Tayuman,6303935,15922109,2026-05-18T19:00:00Z,2026-05-19T03:00:00+08:00,17.3,PM2.5,µg/m³
Near Puregold Tayuman,6303935,15922109,2026-05-19T02:00:00Z,2026-05-19T10:00:00+08:00,40.8,PM2.5,µg/m³
Near Puregold Tayuman,6303935,15922109,2026-05-19T03:00:00Z,2026-05-19T11:00:00+08:00,32.3,PM2.5,µg/m³
Near Puregold Tayuman,6303935,15922109,2026-05-19T04:00:00Z,2026-05-19T12:00:00+08:00,19.0,PM2.5,µg/m³
Near Puregold Tayuman,6303935,15922109,2026-05-19T05:00:00Z,2026-05-19T13:00:00+08:00,16.4,PM2.5,µg/m³
Near Puregold Tayuman,6303935,15922109,2026-05-19T11:00:00Z,2026-05-19T19:00:00+08:00,37.1,PM2.5,µg/m³
Near Puregold Tayuman,6303935,15922109,2026-05-19T12:00:00Z,2026-05-19T20:00:00+08:00,39.3,PM2.5,µg/m³
Near Puregold Tayuman,6303935,15922109,2026-05-19T13:00:00Z,2026-05-19T21:00:00+08:00,38.9,PM2.5,µg/m³
Near Puregold Tayuman,6303935,15922109,2026-05-19T14:00:00Z,2026-05-19T22:00:00+08:00,35.5,PM2.5,µg/m³
Near Puregold Tayuman,6303935,15922109,2026-05-19T15:00:00Z,2026-05-19T23:00:00+08:00,26.3,PM2.5,µg/m³
Near Puregold Tayuman,6303935,15922109,2026-05-19T16:00:00Z,2026-05-20T00:00:00+08:00,30.8,PM2.5,µg/m³
Near Puregold Tayuman,6303935,15922109,2026-05-19T17:00:00Z,2026-05-20T01:00:00+08:00,28.0,PM2.5,µg/m³
Near Puregold Tayuman,6303935,15922109,2026-05-19T18:00:00Z,2026-05-20T02:00:00+08:00,30.7,PM2.5,µg/m³
Near Puregold Tayuman,6303935,15922109,2026-05-19T19:00:00Z,2026-05-20T03:00:00+08:00,29.1,PM2.5,µg/m³
Near Puregold Tayuman,6303935,15922109,2026-05-19T22:00:00Z,2026-05-20T06:00:00+08:00,36.1,PM2.5,µg/m³
Near Puregold Tayuman,6303935,15922109,2026-05-19T23:00:00Z,2026-05-20T07:00:00+08:00,30.3,PM2.5,µg/m³
Near Puregold Tayuman,6303935,15922109,2026-05-20T01:00:00Z,2026-05-20T09:00:00+08:00,74.4,PM2.5,µg/m³
Near Puregold Tayuman,6303935,15922109,2026-05-20T02:00:00Z,2026-05-20T10:00:00+08:00,61.9,PM2.5,µg/m³
Near Puregold Tayuman,6303935,15922109,2026-05-20T05:00:00Z,2026-05-20T13:00:00+08:00,39.2,PM2.5,µg/m³
Near Puregold Tayuman,6303935,15922109,2026-05-20T06:00:00Z,2026-05-20T14:00:00+08:00,37.0,PM2.5,µg/m³
Near Puregold Tayuman,6303935,15922109,2026-05-20T09:00:00Z,2026-05-20T17:00:00+08:00,46.5,PM2.5,µg/m³
Near Puregold Tayuman,6303935,15922109,2026-05-20T10:00:00Z,2026-05-20T18:00:00+08:00,32.3,PM2.5,µg/m³
Near Puregold Tayuman,6303935,15922109,2026-05-20T11:00:00Z,2026-05-20T19:00:00+08:00,38.5,PM2.5,µg/m³
Near Puregold Tayuman,6303935,15922109,2026-05-20T12:00:00Z,2026-05-20T20:00:00+08:00,47.8,PM2.5,µg/m³
Near Puregold Tayuman,6303935,15922109,2026-05-20T13:00:00Z,2026-05-20T21:00:00+08:00,40.7,PM2.5,µg/m³
Near Puregold Tayuman,6303935,15922109,2026-05-20T14:00:00Z,2026-05-20T22:00:00+08:00,20.5,PM2.5,µg/m³
Near Puregold Tayuman,6303935,15922109,2026-05-20T15:00:00Z,2026-05-20T23:00:00+08:00,28.2,PM2.5,µg/m³
Near Puregold Tayuman,6303935,15922109,2026-05-20T16:00:00Z,2026-05-21T00:00:00+08:00,19.5,PM2.5,µg/m³
Near Puregold Tayuman,6303935,15922109,2026-05-20T17:00:00Z,2026-05-21T01:00:00+08:00,13.6,PM2.5,µg/m³
Near Puregold Tayuman,6303935,15922109,2026-05-20T18:00:00Z,2026-05-21T02:00:00+08:00,8.76,PM2.5,µg/m³
Near Puregold Tayuman,6303935,15922109,2026-05-20T19:00:00Z,2026-05-21T03:00:00+08:00,11.2,PM2.5,µg/m³
Near Puregold Tayuman,6303935,15922109,2026-05-20T20:00:00Z,2026-05-21T04:00:00+08:00,15.4,PM2.5,µg/m³
Near Puregold Tayuman,6303935,15922109,2026-05-20T21:00:00Z,2026-05-21T05:00:00+08:00,28.1,PM2.5,µg/m³
Near Puregold Tayuman,6303935,15922109,2026-05-20T22:00:00Z,2026-05-21T06:00:00+08:00,32.2,PM2.5,µg/m³
Near Puregold Tayuman,6303935,15922109,2026-05-20T23:00:00Z,2026-05-21T07:00:00+08:00,36.6,PM2.5,µg/m³
Near Puregold Tayuman,6303935,15922109,2026-05-21T00:00:00Z,2026-05-21T08:00:00+08:00,36.3,PM2.5,µg/m³
Near Puregold Tayuman,6303935,15922109,2026-05-21T01:00:00Z,2026-05-21T09:00:00+08:00,45.2,PM2.5,µg/m³
Near Puregold Tayuman,6303935,15922109,2026-05-21T04:00:00Z,2026-05-21T12:00:00+08:00,32.0,PM2.5,µg/m³
Near Puregold Tayuman,6303935,15922109,2026-05-21T05:00:00Z,2026-05-21T13:00:00+08:00,33.8,PM2.5,µg/m³
Near Puregold Tayuman,6303935,15922109,2026-05-21T06:00:00Z,2026-05-21T14:00:00+08:00,30.8,PM2.5,µg/m³
Near Puregold Tayuman,6303935,15922109,2026-05-21T07:00:00Z,2026-05-21T15:00:00+08:00,24.2,PM2.5,µg/m³
Near Puregold Tayuman,6303935,15922109,2026-05-21T08:00:00Z,2026-05-21T16:00:00+08:00,20.9,PM2.5,µg/m³
Near Puregold Tayuman,6303935,15922109,2026-05-21T09:00:00Z,2026-05-21T17:00:00+08:00,22.6,PM2.5,µg/m³
Near Puregold Tayuman,6303935,15922109,2026-05-21T10:00:00Z,2026-05-21T18:00:00+08:00,16.1,PM2.5,µg/m³
Near Puregold Tayuman,6303935,15922109,2026-05-21T11:00:00Z,2026-05-21T19:00:00+08:00,14.4,PM2.5,µg/m³
Near Puregold Tayuman,6303935,15922109,2026-05-21T12:00:00Z,2026-05-21T20:00:00+08:00,18.4,PM2.5,µg/m³
Near Puregold Tayuman,6303935,15922109,2026-05-21T13:00:00Z,2026-05-21T21:00:00+08:00,15.9,PM2.5,µg/m³
Near Puregold Tayuman,6303935,15922109,2026-05-21T14:00:00Z,2026-05-21T22:00:00+08:00,12.4,PM2.5,µg/m³
Near Puregold Tayuman,6303935,15922109,2026-05-21T15:00:00Z,2026-05-21T23:00:00+08:00,8.56,PM2.5,µg/m³
Near Puregold Tayuman,6303935,15922109,2026-05-21T16:00:00Z,2026-05-22T00:00:00+08:00,8.52,PM2.5,µg/m³
Near Puregold Tayuman,6303935,15922109,2026-05-21T17:00:00Z,2026-05-22T01:00:00+08:00,8.56,PM2.5,µg/m³
Near Puregold Tayuman,6303935,15922109,2026-05-21T18:00:00Z,2026-05-22T02:00:00+08:00,7.82,PM2.5,µg/m³
Near Puregold Tayuman,6303935,15922109,2026-05-21T19:00:00Z,2026-05-22T03:00:00+08:00,7.52,PM2.5,µg/m³
Near Puregold Tayuman,6303935,15922109,2026-05-21T20:00:00Z,2026-05-22T04:00:00+08:00,19.6,PM2.5,µg/m³
Near Puregold Tayuman,6303935,15922109,2026-05-21T21:00:00Z,2026-05-22T05:00:00+08:00,22.0,PM2.5,µg/m³
Near Puregold Tayuman,6303935,15922109,2026-05-21T22:00:00Z,2026-05-22T06:00:00+08:00,18.9,PM2.5,µg/m³
Near Puregold Tayuman,6303935,15922109,2026-05-21T23:00:00Z,2026-05-22T07:00:00+08:00,25.5,PM2.5,µg/m³
Near Puregold Tayuman,6303935,15922109,2026-05-22T00:00:00Z,2026-05-22T08:00:00+08:00,24.6,PM2.5,µg/m³
Near Puregold Tayuman,6303935,15922109,2026-05-22T01:00:00Z,2026-05-22T09:00:00+08:00,21.1,PM2.5,µg/m³
Near Puregold Tayuman,6303935,15922109,2026-05-22T03:00:00Z,2026-05-22T11:00:00+08:00,9.77,PM2.5,µg/m³
Near Puregold Tayuman,6303935,15922109,2026-05-22T04:00:00Z,2026-05-22T12:00:00+08:00,8.25,PM2.5,µg/m³
Near Puregold Tayuman,6303935,15922109,2026-05-22T07:00:00Z,2026-05-22T15:00:00+08:00,9.13,PM2.5,µg/m³
Near Puregold Tayuman,6303935,15922109,2026-05-22T08:00:00Z,2026-05-22T16:00:00+08:00,7.38,PM2.5,µg/m³
Near Puregold Tayuman,6303935,15922109,2026-05-22T09:00:00Z,2026-05-22T17:00:00+08:00,17.7,PM2.5,µg/m³
Near Puregold Tayuman,6303935,15922109,2026-05-22T10:00:00Z,2026-05-22T18:00:00+08:00,9.2,PM2.5,µg/m³
Near Puregold Tayuman,6303935,15922109,2026-05-22T11:00:00Z,2026-05-22T19:00:00+08:00,17.3,PM2.5,µg/m³
Near Puregold Tayuman,6303935,15922109,2026-05-22T12:00:00Z,2026-05-22T20:00:00+08:00,19.3,PM2.5,µg/m³
Near Puregold Tayuman,6303935,15922109,2026-05-22T13:00:00Z,2026-05-22T21:00:00+08:00,15.9,PM2.5,µg/m³
Near Puregold Tayuman,6303935,15922109,2026-05-22T14:00:00Z,2026-05-22T22:00:00+08:00,14.9,PM2.5,µg/m³
Near Puregold Tayuman,6303935,15922109,2026-05-22T15:00:00Z,2026-05-22T23:00:00+08:00,11.1,PM2.5,µg/m³
Near Puregold Tayuman,6303935,15922109,2026-05-22T16:00:00Z,2026-05-23T00:00:00+08:00,10.7,PM2.5,µg/m³
Near Puregold Tayuman,6303935,15922109,2026-05-22T17:00:00Z,2026-05-23T01:00:00+08:00,9.07,PM2.5,µg/m³
Near Puregold Tayuman,6303935,15922109,2026-05-22T19:00:00Z,2026-05-23T03:00:00+08:00,15.2,PM2.5,µg/m³
Near Puregold Tayuman,6303935,15922109,2026-05-22T20:00:00Z,2026-05-23T04:00:00+08:00,12.1,PM2.5,µg/m³
Near Puregold Tayuman,6303935,15922109,2026-05-22T21:00:00Z,2026-05-23T05:00:00+08:00,7.81,PM2.5,µg/m³
Near Puregold Tayuman,6303935,15922109,2026-05-22T23:00:00Z,2026-05-23T07:00:00+08:00,22.6,PM2.5,µg/m³
Near Puregold Tayuman,6303935,15922109,2026-05-23T00:00:00Z,2026-05-23T08:00:00+08:00,13.7,PM2.5,µg/m³
Near Puregold Tayuman,6303935,15922109,2026-05-23T01:00:00Z,2026-05-23T09:00:00+08:00,11.1,PM2.5,µg/m³
Near Puregold Tayuman,6303935,15922109,2026-05-23T02:00:00Z,2026-05-23T10:00:00+08:00,22.2,PM2.5,µg/m³
Near Puregold Tayuman,6303935,15922109,2026-05-23T03:00:00Z,2026-05-23T11:00:00+08:00,10.1,PM2.5,µg/m³
Near Puregold Tayuman,6303935,15922109,2026-05-23T04:00:00Z,2026-05-23T12:00:00+08:00,9.0,PM2.5,µg/m³
Near Puregold Tayuman,6303935,15922109,2026-05-23T05:00:00Z,2026-05-23T13:00:00+08:00,15.4,PM2.5,µg/m³
Near Puregold Tayuman,6303935,15922109,2026-05-23T06:00:00Z,2026-05-23T14:00:00+08:00,11.6,PM2.5,µg/m³
Near Puregold Tayuman,6303935,15922109,2026-05-23T07:00:00Z,2026-05-23T15:00:00+08:00,15.7,PM2.5,µg/m³
Near Puregold Tayuman,6303935,15922109,2026-05-23T08:00:00Z,2026-05-23T16:00:00+08:00,14.5,PM2.5,µg/m³
Near Puregold Tayuman,6303935,15922109,2026-05-23T11:00:00Z,2026-05-23T19:00:00+08:00,33.9,PM2.5,µg/m³
Near Puregold Tayuman,6303935,15922109,2026-05-23T12:00:00Z,2026-05-23T20:00:00+08:00,29.3,PM2.5,µg/m³
Near Puregold Tayuman,6303935,15922109,2026-05-23T13:00:00Z,2026-05-23T21:00:00+08:00,28.3,PM2.5,µg/m³
Near Puregold Tayuman,6303935,15922109,2026-05-23T14:00:00Z,2026-05-23T22:00:00+08:00,33.7,PM2.5,µg/m³
Near Puregold Tayuman,6303935,15922109,2026-05-23T15:00:00Z,2026-05-23T23:00:00+08:00,30.1,PM2.5,µg/m³
Near Puregold Tayuman,6303935,15922109,2026-05-23T16:00:00Z,2026-05-24T00:00:00+08:00,23.6,PM2.5,µg/m³
Near Puregold Tayuman,6303935,15922109,2026-05-23T19:00:00Z,2026-05-24T03:00:00+08:00,29.7,PM2.5,µg/m³
Near Puregold Tayuman,6303935,15922109,2026-05-23T20:00:00Z,2026-05-24T04:00:00+08:00,27.9,PM2.5,µg/m³
Near Puregold Tayuman,6303935,15922109,2026-05-23T23:00:00Z,2026-05-24T07:00:00+08:00,49.1,PM2.5,µg/m³
Near Puregold Tayuman,6303935,15922109,2026-05-24T00:00:00Z,2026-05-24T08:00:00+08:00,43.1,PM2.5,µg/m³
Near Puregold Tayuman,6303935,15922109,2026-05-24T01:00:00Z,2026-05-24T09:00:00+08:00,28.7,PM2.5,µg/m³
Near Puregold Tayuman,6303935,15922109,2026-05-24T02:00:00Z,2026-05-24T10:00:00+08:00,42.9,PM2.5,µg/m³
Near Puregold Tayuman,6303935,15922109,2026-05-24T03:00:00Z,2026-05-24T11:00:00+08:00,56.9,PM2.5,µg/m³
Near Puregold Tayuman,6303935,15922109,2026-05-24T06:00:00Z,2026-05-24T14:00:00+08:00,21.6,PM2.5,µg/m³
Near Puregold Tayuman,6303935,15922109,2026-05-24T07:00:00Z,2026-05-24T15:00:00+08:00,19.4,PM2.5,µg/m³
Near Puregold Tayuman,6303935,15922109,2026-05-24T08:00:00Z,2026-05-24T16:00:00+08:00,13.6,PM2.5,µg/m³
Near Puregold Tayuman,6303935,15922109,2026-05-24T09:00:00Z,2026-05-24T17:00:00+08:00,11.4,PM2.5,µg/m³
Near Puregold Tayuman,6303935,15922109,2026-05-24T10:00:00Z,2026-05-24T18:00:00+08:00,14.7,PM2.5,µg/m³
Near Puregold Tayuman,6303935,15922109,2026-05-24T11:00:00Z,2026-05-24T19:00:00+08:00,11.5,PM2.5,µg/m³
Near Puregold Tayuman,6303935,15922109,2026-05-24T13:00:00Z,2026-05-24T21:00:00+08:00,20.8,PM2.5,µg/m³
Near Puregold Tayuman,6303935,15922109,2026-05-24T14:00:00Z,2026-05-24T22:00:00+08:00,22.1,PM2.5,µg/m³
Near Puregold Tayuman,6303935,15922109,2026-05-24T15:00:00Z,2026-05-24T23:00:00+08:00,15.3,PM2.5,µg/m³
Near Puregold Tayuman,6303935,15922109,2026-05-24T16:00:00Z,2026-05-25T00:00:00+08:00,8.43,PM2.5,µg/m³
Near Puregold Tayuman,6303935,15922109,2026-05-24T17:00:00Z,2026-05-25T01:00:00+08:00,10.9,PM2.5,µg/m³
Near Puregold Tayuman,6303935,15922109,2026-05-24T18:00:00Z,2026-05-25T02:00:00+08:00,5.14,PM2.5,µg/m³
Near Puregold Tayuman,6303935,15922109,2026-05-24T19:00:00Z,2026-05-25T03:00:00+08:00,5.47,PM2.5,µg/m³
Near Puregold Tayuman,6303935,15922109,2026-05-24T20:00:00Z,2026-05-25T04:00:00+08:00,13.5,PM2.5,µg/m³
Near Puregold Tayuman,6303935,15922109,2026-05-24T21:00:00Z,2026-05-25T05:00:00+08:00,15.9,PM2.5,µg/m³
Near Puregold Tayuman,6303935,15922109,2026-05-25T00:00:00Z,2026-05-25T08:00:00+08:00,38.6,PM2.5,µg/m³
Near Puregold Tayuman,6303935,15922109,2026-05-25T01:00:00Z,2026-05-25T09:00:00+08:00,23.8,PM2.5,µg/m³
Near Puregold Tayuman,6303935,15922109,2026-05-25T02:00:00Z,2026-05-25T10:00:00+08:00,16.3,PM2.5,µg/m³
Near Puregold Tayuman,6303935,15922109,2026-05-25T03:00:00Z,2026-05-25T11:00:00+08:00,26.1,PM2.5,µg/m³
Near Puregold Tayuman,6303935,15922109,2026-05-25T04:00:00Z,2026-05-25T12:00:00+08:00,20.5,PM2.5,µg/m³
Near Puregold Tayuman,6303935,15922109,2026-05-25T05:00:00Z,2026-05-25T13:00:00+08:00,15.9,PM2.5,µg/m³
Near Puregold Tayuman,6303935,15922109,2026-05-25T06:00:00Z,2026-05-25T14:00:00+08:00,15.3,PM2.5,µg/m³
Near Puregold Tayuman,6303935,15922109,2026-05-25T07:00:00Z,2026-05-25T15:00:00+08:00,10.1,PM2.5,µg/m³
Near Puregold Tayuman,6303935,15922109,2026-05-25T09:00:00Z,2026-05-25T17:00:00+08:00,16.3,PM2.5,µg/m³
Near Puregold Tayuman,6303935,15922109,2026-05-25T10:00:00Z,2026-05-25T18:00:00+08:00,17.8,PM2.5,µg/m³
Near Puregold Tayuman,6303935,15922109,2026-05-25T11:00:00Z,2026-05-25T19:00:00+08:00,27.8,PM2.5,µg/m³
Near Puregold Tayuman,6303935,15922109,2026-05-25T12:00:00Z,2026-05-25T20:00:00+08:00,25.4,PM2.5,µg/m³
Near Puregold Tayuman,6303935,15922109,2026-05-25T14:00:00Z,2026-05-25T22:00:00+08:00,31.7,PM2.5,µg/m³
Near Puregold Tayuman,6303935,15922109,2026-05-25T15:00:00Z,2026-05-25T23:00:00+08:00,21.3,PM2.5,µg/m³
Near Puregold Tayuman,6303935,15922109,2026-05-25T16:00:00Z,2026-05-26T00:00:00+08:00,35.4,PM2.5,µg/m³
Near Puregold Tayuman,6303935,15922109,2026-05-25T17:00:00Z,2026-05-26T01:00:00+08:00,29.9,PM2.5,µg/m³
Near Puregold Tayuman,6303935,15922109,2026-05-25T18:00:00Z,2026-05-26T02:00:00+08:00,8.44,PM2.5,µg/m³
Near Puregold Tayuman,6303935,15922109,2026-05-25T19:00:00Z,2026-05-26T03:00:00+08:00,7.03,PM2.5,µg/m³
Near Puregold Tayuman,6303935,15922109,2026-05-25T23:00:00Z,2026-05-26T07:00:00+08:00,8.88,PM2.5,µg/m³
Near Puregold Tayuman,6303935,15922109,2026-05-26T00:00:00Z,2026-05-26T08:00:00+08:00,7.99,PM2.5,µg/m³
Near Puregold Tayuman,6303935,15922109,2026-05-26T01:00:00Z,2026-05-26T09:00:00+08:00,30.2,PM2.5,µg/m³
Near Puregold Tayuman,6303935,15922109,2026-05-26T02:00:00Z,2026-05-26T10:00:00+08:00,26.2,PM2.5,µg/m³
Near Puregold Tayuman,6303935,15922109,2026-05-26T03:00:00Z,2026-05-26T11:00:00+08:00,29.8,PM2.5,µg/m³
Near Puregold Tayuman,6303935,15922109,2026-05-26T04:00:00Z,2026-05-26T12:00:00+08:00,33.9,PM2.5,µg/m³
Near Puregold Tayuman,6303935,15922109,2026-05-26T06:00:00Z,2026-05-26T14:00:00+08:00,32.4,PM2.5,µg/m³
Near Puregold Tayuman,6303935,15922109,2026-05-26T07:00:00Z,2026-05-26T15:00:00+08:00,31.8,PM2.5,µg/m³
Near Puregold Tayuman,6303935,15922109,2026-05-26T08:00:00Z,2026-05-26T16:00:00+08:00,28.6,PM2.5,µg/m³
Near Puregold Tayuman,6303935,15922109,2026-05-26T10:00:00Z,2026-05-26T18:00:00+08:00,38.5,PM2.5,µg/m³
Near Puregold Tayuman,6303935,15922109,2026-05-26T11:00:00Z,2026-05-26T19:00:00+08:00,37.1,PM2.5,µg/m³
Near Puregold Tayuman,6303935,15922109,2026-05-26T12:00:00Z,2026-05-26T20:00:00+08:00,36.9,PM2.5,µg/m³
Near Puregold Tayuman,6303935,15922109,2026-05-26T15:00:00Z,2026-05-26T23:00:00+08:00,35.1,PM2.5,µg/m³
Near Puregold Tayuman,6303935,15922109,2026-05-26T16:00:00Z,2026-05-27T00:00:00+08:00,30.3,PM2.5,µg/m³
Near Puregold Tayuman,6303935,15922109,2026-05-26T17:00:00Z,2026-05-27T01:00:00+08:00,36.6,PM2.5,µg/m³
Near Puregold Tayuman,6303935,15922109,2026-05-26T18:00:00Z,2026-05-27T02:00:00+08:00,31.0,PM2.5,µg/m³
Near Puregold Tayuman,6303935,15922109,2026-05-26T19:00:00Z,2026-05-27T03:00:00+08:00,28.6,PM2.5,µg/m³
Near Puregold Tayuman,6303935,15922109,2026-05-26T23:00:00Z,2026-05-27T07:00:00+08:00,22.7,PM2.5,µg/m³
Near Puregold Tayuman,6303935,15922109,2026-05-27T00:00:00Z,2026-05-27T08:00:00+08:00,27.4,PM2.5,µg/m³
Near Puregold Tayuman,6303935,15922109,2026-05-27T01:00:00Z,2026-05-27T09:00:00+08:00,35.4,PM2.5,µg/m³
Near Puregold Tayuman,6303935,15922109,2026-05-27T03:00:00Z,2026-05-27T11:00:00+08:00,33.9,PM2.5,µg/m³
Near Puregold Tayuman,6303935,15922109,2026-05-27T04:00:00Z,2026-05-27T12:00:00+08:00,38.1,PM2.5,µg/m³
Near Puregold Tayuman,6303935,15922109,2026-05-27T05:00:00Z,2026-05-27T13:00:00+08:00,36.1,PM2.5,µg/m³
Near Puregold Tayuman,6303935,15922109,2026-05-27T06:00:00Z,2026-05-27T14:00:00+08:00,35.8,PM2.5,µg/m³
Near Puregold Tayuman,6303935,15922109,2026-05-27T07:00:00Z,2026-05-27T15:00:00+08:00,36.1,PM2.5,µg/m³
Near Puregold Tayuman,6303935,15922109,2026-05-27T08:00:00Z,2026-05-27T16:00:00+08:00,35.2,PM2.5,µg/m³
Near Puregold Tayuman,6303935,15922109,2026-05-27T12:00:00Z,2026-05-27T20:00:00+08:00,30.4,PM2.5,µg/m³
Near Puregold Tayuman,6303935,15922109,2026-05-27T13:00:00Z,2026-05-27T21:00:00+08:00,30.4,PM2.5,µg/m³
Near Puregold Tayuman,6303935,15922109,2026-05-27T14:00:00Z,2026-05-27T22:00:00+08:00,29.3,PM2.5,µg/m³
Near Puregold Tayuman,6303935,15922109,2026-05-27T16:00:00Z,2026-05-28T00:00:00+08:00,34.5,PM2.5,µg/m³
Near Puregold Tayuman,6303935,15922109,2026-05-27T19:00:00Z,2026-05-28T03:00:00+08:00,33.8,PM2.5,µg/m³
Near Puregold Tayuman,6303935,15922109,2026-05-27T20:00:00Z,2026-05-28T04:00:00+08:00,31.6,PM2.5,µg/m³
Near Puregold Tayuman,6303935,15922109,2026-05-27T21:00:00Z,2026-05-28T05:00:00+08:00,39.2,PM2.5,µg/m³
Near Puregold Tayuman,6303935,15922109,2026-05-27T22:00:00Z,2026-05-28T06:00:00+08:00,44.2,PM2.5,µg/m³
Near Puregold Tayuman,6303935,15922109,2026-05-27T23:00:00Z,2026-05-28T07:00:00+08:00,50.6,PM2.5,µg/m³
Near Puregold Tayuman,6303935,15922109,2026-05-28T00:00:00Z,2026-05-28T08:00:00+08:00,36.7,PM2.5,µg/m³
Near Puregold Tayuman,6303935,15922109,2026-05-28T06:00:00Z,2026-05-28T14:00:00+08:00,67.4,PM2.5,µg/m³
Near Puregold Tayuman,6303935,15922109,2026-05-28T07:00:00Z,2026-05-28T15:00:00+08:00,80.9,PM2.5,µg/m³
Near Puregold Tayuman,6303935,15922109,2026-05-28T12:00:00Z,2026-05-28T20:00:00+08:00,39.6,PM2.5,µg/m³
Near Puregold Tayuman,6303935,15922109,2026-05-28T13:00:00Z,2026-05-28T21:00:00+08:00,34.3,PM2.5,µg/m³
